CREATE DATABASE  IF NOT EXISTS `biblioteca_virtual_unfv` /*!40100 DEFAULT CHARACTER SET utf8mb4 COLLATE utf8mb4_0900_ai_ci */ /*!80016 DEFAULT ENCRYPTION='N' */;
USE `biblioteca_virtual_unfv`;
-- MySQL dump 10.13  Distrib 8.0.34, for Win64 (x86_64)
--
-- Host: localhost    Database: biblioteca_virtual_unfv
-- ------------------------------------------------------
-- Server version	8.0.34

/*!40101 SET @OLD_CHARACTER_SET_CLIENT=@@CHARACTER_SET_CLIENT */;
/*!40101 SET @OLD_CHARACTER_SET_RESULTS=@@CHARACTER_SET_RESULTS */;
/*!40101 SET @OLD_COLLATION_CONNECTION=@@COLLATION_CONNECTION */;
/*!50503 SET NAMES utf8 */;
/*!40103 SET @OLD_TIME_ZONE=@@TIME_ZONE */;
/*!40103 SET TIME_ZONE='+00:00' */;
/*!40014 SET @OLD_UNIQUE_CHECKS=@@UNIQUE_CHECKS, UNIQUE_CHECKS=0 */;
/*!40014 SET @OLD_FOREIGN_KEY_CHECKS=@@FOREIGN_KEY_CHECKS, FOREIGN_KEY_CHECKS=0 */;
/*!40101 SET @OLD_SQL_MODE=@@SQL_MODE, SQL_MODE='NO_AUTO_VALUE_ON_ZERO' */;
/*!40111 SET @OLD_SQL_NOTES=@@SQL_NOTES, SQL_NOTES=0 */;

--
-- Table structure for table `actividades`
--

DROP TABLE IF EXISTS `actividades`;
/*!40101 SET @saved_cs_client     = @@character_set_client */;
/*!50503 SET character_set_client = utf8mb4 */;
CREATE TABLE `actividades` (
  `id` bigint NOT NULL AUTO_INCREMENT,
  `nombre` varchar(100) NOT NULL,
  `descripcion` longtext NOT NULL,
  `fecha` date NOT NULL,
  `hora` time(6) NOT NULL,
  `imagen` varchar(100) DEFAULT NULL,
  `estado_id` bigint NOT NULL,
  `modalidad_id` bigint NOT NULL,
  `tipo_id` bigint NOT NULL,
  `correo` varchar(60) NOT NULL,
  `enlace` longtext,
  `lugar` varchar(60) NOT NULL,
  PRIMARY KEY (`id`),
  KEY `actividades_estado_id_6632ab81_fk_estados_actividades_id` (`estado_id`),
  KEY `actividades_modalidad_id_efed9531_fk_modalidades_actividades_id` (`modalidad_id`),
  KEY `actividades_tipo_id_4bfc2b0a_fk_tipos_actividades_id` (`tipo_id`),
  CONSTRAINT `actividades_estado_id_6632ab81_fk_estados_actividades_id` FOREIGN KEY (`estado_id`) REFERENCES `estados_actividades` (`id`),
  CONSTRAINT `actividades_modalidad_id_efed9531_fk_modalidades_actividades_id` FOREIGN KEY (`modalidad_id`) REFERENCES `modalidades_actividades` (`id`),
  CONSTRAINT `actividades_tipo_id_4bfc2b0a_fk_tipos_actividades_id` FOREIGN KEY (`tipo_id`) REFERENCES `tipos_actividades` (`id`)
) ENGINE=InnoDB AUTO_INCREMENT=11 DEFAULT CHARSET=utf8mb4 COLLATE=utf8mb4_0900_ai_ci;
/*!40101 SET character_set_client = @saved_cs_client */;

--
-- Dumping data for table `actividades`
--

LOCK TABLES `actividades` WRITE;
/*!40000 ALTER TABLE `actividades` DISABLE KEYS */;
INSERT INTO `actividades` VALUES (6,'Taller: Uso de la Plataforma Jurídica VLEX - Nivel Avanzado','Este jueves 15 de febrero en el Taller: “Uso de la plataforma de información jurídica inteligente: VLEX\" Nivel Avanzado. \"VLEX es la mejor base de datos especializada en Derecho\"','2024-01-18','18:30:00.000000','actividades/actividad07_PLyNyPR.jpg',5,4,10,'biblio.central@unfv.edu.pe','https://teams.microsoft.com/l/meetup-join/19:wAodW0W0PRv5Ts-bCDilbE6KdFph_6vufV0GC5LPH-Y1@thread.tacv2/1705620317343?context=%7B%22Tid%22:%228dbd6711-3051-4a69-bb5e-8714606711d6%22,%22Oid%22:%22863f90a6-add5-439b-8804-e80ff8c93bbd%22%7D','Microsoft Teams'),(7,'II Seminario Internacional: Las Bibliotecas de hoy y del Futuro','Este seminario es un evento académico y cultural que tiene como objetivo principal explorar y analizar el papel fundamental de las bibliotecas en la sociedad contemporánea.','2024-02-27','18:30:00.000000','actividades/actividad01_Yq9QDfL.jpg',6,4,11,'biblio.central@unfv.edu.pe','https://teams.microsoft.com/dl/launcher/launcher.html?url=%2F_%23%2Fl%2Fmeetup-join%2F19%3AwAodW0W0PRv5Ts-bCDilbE6KdFph_6vufV0GC5LPH-Y1%40thread.tacv2%2F1705620317343%3Fcontext%3D%257B%2522Tid%2522%3A%25228dbd6711-3051-4a69-bb5e-8714606711d6%2522%2C%2522Oid%2522%3A%2522863f90a6-add5-439b-8804-e80ff8c93bbd%2522%257D%26anon%3Dtrue&type=meetup-join&deeplinkId=29b1cf48-0a97-48d1-9a2c-e369db3bcb29&directDl=true&msLaunch=true&enableMobilePage=true&suppressPrompt=true','Zoom'),(8,'Seminario de Autor: Introducción a la Publicación Académica','Estimados usuarios, hoy tenemos un seminario virtual muy interesante, están invitados. Enlace de inscripción en la parte inferior.','2024-02-24','17:00:00.000000','actividades/actividad04_Hu3oBCk.png',6,3,11,'biblio.central@unfv.edu.pe','','FIIS - Auditorio 02'),(9,'Capacitación: Manejo de la Plataforma de Libros Digitales AlphaCloud','Esta capacitación es un evento académico y cultural que tiene como objetivo principal explorar y analizar el papel fundamental de las bibliotecas en la sociedad contemporánea.','2024-03-25','16:00:00.000000','actividades/actividad05_Pllui6B.png',6,4,12,'biblio.fiis@unfv.edu.pe','https://teams.microsoft.com/l/meetup-join/19:wAodW0W0PRv5Ts-bCDilbE6KdFph_6vufV0GC5LPH-Y1@thread.tacv2/1705620317343?context=%7B%22Tid%22:%228dbd6711-3051-4a69-bb5e-8714606711d6%22,%22Oid%22:%22863f90a6-add5-439b-8804-e80ff8c93bbd%22%7D','Microsoft Teams'),(10,'¿Cómo se realizan las búsquedas en la Plataforma WOS?','WOS es la colección de bases de datos, referencias bibliográficas y citas de publicaciones periódicas desde 1900 a la actualidad. Abarca los índices de Ciencias, Ciencias Sociales y Artes y Humanidades.','2024-02-04','17:00:00.000000','actividades/actividad06_hR5eEBe.jpg',6,4,9,'biblio.central@unfv.edu.pe','https://teams.microsoft.com/dl/launcher/launcher.html?url=%2F_%23%2Fl%2Fmeetup-join%2F19%3AwAodW0W0PRv5Ts-bCDilbE6KdFph_6vufV0GC5LPH-Y1%40thread.tacv2%2F1705620317343%3Fcontext%3D%257B%2522Tid%2522%3A%25228dbd6711-3051-4a69-bb5e-8714606711d6%2522%2C%2522Oid%2522%3A%2522863f90a6-add5-439b-8804-e80ff8c93bbd%2522%257D%26anon%3Dtrue&type=meetup-join&deeplinkId=41b40548-d48e-42e0-b3f1-1653e82582df&directDl=true&msLaunch=true&enableMobilePage=true&suppressPrompt=true','Microsoft Teams');
/*!40000 ALTER TABLE `actividades` ENABLE KEYS */;
UNLOCK TABLES;

--
-- Table structure for table `actividades_ponente`
--

DROP TABLE IF EXISTS `actividades_ponente`;
/*!40101 SET @saved_cs_client     = @@character_set_client */;
/*!50503 SET character_set_client = utf8mb4 */;
CREATE TABLE `actividades_ponente` (
  `id` bigint NOT NULL AUTO_INCREMENT,
  `actividad_id` bigint NOT NULL,
  `ponente_id` bigint NOT NULL,
  PRIMARY KEY (`id`),
  UNIQUE KEY `actividades_ponente_actividad_id_ponente_id_8b9bc767_uniq` (`actividad_id`,`ponente_id`),
  KEY `actividades_ponente_ponente_id_9ee1dd1c_fk_ponentes_id` (`ponente_id`),
  CONSTRAINT `actividades_ponente_actividad_id_d7b72f8c_fk_actividades_id` FOREIGN KEY (`actividad_id`) REFERENCES `actividades` (`id`),
  CONSTRAINT `actividades_ponente_ponente_id_9ee1dd1c_fk_ponentes_id` FOREIGN KEY (`ponente_id`) REFERENCES `ponentes` (`id`)
) ENGINE=InnoDB AUTO_INCREMENT=24 DEFAULT CHARSET=utf8mb4 COLLATE=utf8mb4_0900_ai_ci;
/*!40101 SET character_set_client = @saved_cs_client */;

--
-- Dumping data for table `actividades_ponente`
--

LOCK TABLES `actividades_ponente` WRITE;
/*!40000 ALTER TABLE `actividades_ponente` DISABLE KEYS */;
INSERT INTO `actividades_ponente` VALUES (16,6,12),(17,6,13),(18,7,14),(19,7,15),(20,8,16),(21,8,17),(22,9,18),(23,10,19);
/*!40000 ALTER TABLE `actividades_ponente` ENABLE KEYS */;
UNLOCK TABLES;

--
-- Table structure for table `auth_group`
--

DROP TABLE IF EXISTS `auth_group`;
/*!40101 SET @saved_cs_client     = @@character_set_client */;
/*!50503 SET character_set_client = utf8mb4 */;
CREATE TABLE `auth_group` (
  `id` int NOT NULL AUTO_INCREMENT,
  `name` varchar(150) NOT NULL,
  PRIMARY KEY (`id`),
  UNIQUE KEY `name` (`name`)
) ENGINE=InnoDB DEFAULT CHARSET=utf8mb4 COLLATE=utf8mb4_0900_ai_ci;
/*!40101 SET character_set_client = @saved_cs_client */;

--
-- Dumping data for table `auth_group`
--

LOCK TABLES `auth_group` WRITE;
/*!40000 ALTER TABLE `auth_group` DISABLE KEYS */;
/*!40000 ALTER TABLE `auth_group` ENABLE KEYS */;
UNLOCK TABLES;

--
-- Table structure for table `auth_group_permissions`
--

DROP TABLE IF EXISTS `auth_group_permissions`;
/*!40101 SET @saved_cs_client     = @@character_set_client */;
/*!50503 SET character_set_client = utf8mb4 */;
CREATE TABLE `auth_group_permissions` (
  `id` bigint NOT NULL AUTO_INCREMENT,
  `group_id` int NOT NULL,
  `permission_id` int NOT NULL,
  PRIMARY KEY (`id`),
  UNIQUE KEY `auth_group_permissions_group_id_permission_id_0cd325b0_uniq` (`group_id`,`permission_id`),
  KEY `auth_group_permissio_permission_id_84c5c92e_fk_auth_perm` (`permission_id`),
  CONSTRAINT `auth_group_permissio_permission_id_84c5c92e_fk_auth_perm` FOREIGN KEY (`permission_id`) REFERENCES `auth_permission` (`id`),
  CONSTRAINT `auth_group_permissions_group_id_b120cbf9_fk_auth_group_id` FOREIGN KEY (`group_id`) REFERENCES `auth_group` (`id`)
) ENGINE=InnoDB DEFAULT CHARSET=utf8mb4 COLLATE=utf8mb4_0900_ai_ci;
/*!40101 SET character_set_client = @saved_cs_client */;

--
-- Dumping data for table `auth_group_permissions`
--

LOCK TABLES `auth_group_permissions` WRITE;
/*!40000 ALTER TABLE `auth_group_permissions` DISABLE KEYS */;
/*!40000 ALTER TABLE `auth_group_permissions` ENABLE KEYS */;
UNLOCK TABLES;

--
-- Table structure for table `auth_permission`
--

DROP TABLE IF EXISTS `auth_permission`;
/*!40101 SET @saved_cs_client     = @@character_set_client */;
/*!50503 SET character_set_client = utf8mb4 */;
CREATE TABLE `auth_permission` (
  `id` int NOT NULL AUTO_INCREMENT,
  `name` varchar(255) NOT NULL,
  `content_type_id` int NOT NULL,
  `codename` varchar(100) NOT NULL,
  PRIMARY KEY (`id`),
  UNIQUE KEY `auth_permission_content_type_id_codename_01ab375a_uniq` (`content_type_id`,`codename`),
  CONSTRAINT `auth_permission_content_type_id_2f476e4b_fk_django_co` FOREIGN KEY (`content_type_id`) REFERENCES `django_content_type` (`id`)
) ENGINE=InnoDB AUTO_INCREMENT=65 DEFAULT CHARSET=utf8mb4 COLLATE=utf8mb4_0900_ai_ci;
/*!40101 SET character_set_client = @saved_cs_client */;

--
-- Dumping data for table `auth_permission`
--

LOCK TABLES `auth_permission` WRITE;
/*!40000 ALTER TABLE `auth_permission` DISABLE KEYS */;
INSERT INTO `auth_permission` VALUES (1,'Can add log entry',1,'add_logentry'),(2,'Can change log entry',1,'change_logentry'),(3,'Can delete log entry',1,'delete_logentry'),(4,'Can view log entry',1,'view_logentry'),(5,'Can add permission',2,'add_permission'),(6,'Can change permission',2,'change_permission'),(7,'Can delete permission',2,'delete_permission'),(8,'Can view permission',2,'view_permission'),(9,'Can add group',3,'add_group'),(10,'Can change group',3,'change_group'),(11,'Can delete group',3,'delete_group'),(12,'Can view group',3,'view_group'),(13,'Can add content type',4,'add_contenttype'),(14,'Can change content type',4,'change_contenttype'),(15,'Can delete content type',4,'delete_contenttype'),(16,'Can view content type',4,'view_contenttype'),(17,'Can add session',5,'add_session'),(18,'Can change session',5,'change_session'),(19,'Can delete session',5,'delete_session'),(20,'Can view session',5,'view_session'),(21,'Can add user',6,'add_user'),(22,'Can change user',6,'change_user'),(23,'Can delete user',6,'delete_user'),(24,'Can view user',6,'view_user'),(25,'Can add autor',7,'add_autor'),(26,'Can change autor',7,'change_autor'),(27,'Can delete autor',7,'delete_autor'),(28,'Can view autor',7,'view_autor'),(29,'Can add tipo',8,'add_tipo'),(30,'Can change tipo',8,'change_tipo'),(31,'Can delete tipo',8,'delete_tipo'),(32,'Can view tipo',8,'view_tipo'),(33,'Can add documento',9,'add_documento'),(34,'Can change documento',9,'change_documento'),(35,'Can delete documento',9,'delete_documento'),(36,'Can view documento',9,'view_documento'),(37,'Can add idioma',10,'add_idioma'),(38,'Can change idioma',10,'change_idioma'),(39,'Can delete idioma',10,'delete_idioma'),(40,'Can view idioma',10,'view_idioma'),(41,'Can add tipo usuario',11,'add_tipousuario'),(42,'Can change tipo usuario',11,'change_tipousuario'),(43,'Can delete tipo usuario',11,'delete_tipousuario'),(44,'Can view tipo usuario',11,'view_tipousuario'),(45,'Can add prestamo',12,'add_prestamo'),(46,'Can change prestamo',12,'change_prestamo'),(47,'Can delete prestamo',12,'delete_prestamo'),(48,'Can view prestamo',12,'view_prestamo'),(49,'Can add facultad',13,'add_facultad'),(50,'Can change facultad',13,'change_facultad'),(51,'Can delete facultad',13,'delete_facultad'),(52,'Can view facultad',13,'view_facultad'),(53,'Can add escuela',14,'add_escuela'),(54,'Can change escuela',14,'change_escuela'),(55,'Can delete escuela',14,'delete_escuela'),(56,'Can view escuela',14,'view_escuela'),(57,'Can add biblioteca',15,'add_biblioteca'),(58,'Can change biblioteca',15,'change_biblioteca'),(59,'Can delete biblioteca',15,'delete_biblioteca'),(60,'Can view biblioteca',15,'view_biblioteca'),(61,'Can add inventario',16,'add_inventario'),(62,'Can change inventario',16,'change_inventario'),(63,'Can delete inventario',16,'delete_inventario'),(64,'Can view inventario',16,'view_inventario');
/*!40000 ALTER TABLE `auth_permission` ENABLE KEYS */;
UNLOCK TABLES;

--
-- Table structure for table `autores`
--

DROP TABLE IF EXISTS `autores`;
/*!40101 SET @saved_cs_client     = @@character_set_client */;
/*!50503 SET character_set_client = utf8mb4 */;
CREATE TABLE `autores` (
  `id` bigint NOT NULL AUTO_INCREMENT,
  `nombre` varchar(50) NOT NULL,
  `apellidos` varchar(70) NOT NULL,
  PRIMARY KEY (`id`)
) ENGINE=InnoDB AUTO_INCREMENT=201 DEFAULT CHARSET=utf8mb4 COLLATE=utf8mb4_0900_ai_ci;
/*!40101 SET character_set_client = @saved_cs_client */;

--
-- Dumping data for table `autores`
--

LOCK TABLES `autores` WRITE;
/*!40000 ALTER TABLE `autores` DISABLE KEYS */;
INSERT INTO `autores` VALUES (1,'John','Cleese'),(2,'Andrew','Tanembaun'),(3,'David','McFarland'),(4,'Emir','Samsores'),(5,'David','Martinez'),(6,'Roberto','Sampieri'),(7,'Richard','Donaldson'),(8,'Jim','R. Wilson'),(9,'John','Doe'),(10,'Alice','Smith'),(11,'Michael','Johnson'),(12,'Emma','Williams'),(13,'Daniel','Brown'),(14,'Olivia','Jones'),(15,'Matthew','Taylor'),(16,'Sophia','Anderson'),(17,'William','Miller'),(18,'Ava','Martinez'),(19,'James','Davis'),(20,'Ella','Moore'),(21,'Benjamin','Wilson'),(22,'Grace','Johnson'),(23,'Ryan','Anderson'),(24,'Chloe','Thomas'),(25,'Daniel','White'),(26,'Emily','Robinson'),(27,'David','Wright'),(28,'Sophie','Young'),(29,'Alexander','Hall'),(30,'Mia','Brown'),(31,'Christopher','Clark'),(32,'Isabella','Lee'),(33,'Samuel','Taylor'),(34,'Lily','Williams'),(35,'Nathan','Davis'),(36,'Evelyn','Harris'),(37,'Andrew','Smith'),(38,'Madison','Moore'),(39,'Joseph','Miller'),(40,'Charlotte','King'),(41,'Aiden','Hill'),(42,'Mila','Garcia'),(43,'Caleb','Hernandez'),(44,'Scarlett','Smith'),(45,'Liam','Turner'),(46,'Zoe','Jones'),(47,'Sebastian','Perez'),(48,'Avery','Ward'),(49,'Elijah','Lopez'),(50,'Nora','Carter'),(51,'Dylan','Gonzalez'),(52,'Lucy','Evans'),(53,'Jackson','Torres'),(54,'Aria','Baker'),(55,'Grayson','Fisher'),(56,'Penelope','Cooper'),(57,'Logan','Reyes'),(58,'Grace','Powell'),(59,'Oliver','Stewart'),(60,'Aurora','Russell'),(61,'Ethan','Barnes'),(62,'Hazel','Cox'),(63,'Leo','Peterson'),(64,'Bella','Flores'),(65,'Mason','Kelly'),(66,'Luna','Wood'),(67,'Carter','Phillips'),(68,'Stella','Long'),(69,'Parker','Reed'),(70,'Nova','Campbell'),(71,'Eli','Simmons'),(72,'Ariana','Fleming'),(73,'Ezra','Perry'),(74,'Sofia','Wells'),(75,'Evan','Bryant'),(76,'Scarlet','Watson'),(77,'Wyatt','Harrison'),(78,'Amelia','Bryant'),(79,'Cameron','Ferguson'),(80,'Lily','Murray'),(81,'Aiden','Hill'),(82,'Mila','Garcia'),(83,'Caleb','Hernandez'),(84,'Scarlett','Smith'),(85,'Liam','Turner'),(86,'Zoe','Jones'),(87,'Sebastian','Perez'),(88,'Avery','Ward'),(89,'Elijah','Lopez'),(90,'Nora','Carter'),(91,'Dylan','Gonzalez'),(92,'Lucy','Evans'),(93,'Jackson','Torres'),(94,'Aria','Baker'),(95,'Grayson','Fisher'),(96,'Penelope','Cooper'),(97,'Logan','Reyes'),(98,'Grace','Powell'),(99,'Oliver','Stewart'),(100,'Aurora','Russell'),(101,'Ethan','Barnes'),(102,'Hazel','Cox'),(103,'Leo','Peterson'),(104,'Bella','Flores'),(105,'Mason','Kelly'),(106,'Luna','Wood'),(107,'Carter','Phillips'),(108,'Stella','Long'),(109,'Parker','Reed'),(110,'Nova','Campbell'),(111,'Eli','Simmons'),(112,'Ariana','Fleming'),(113,'Ezra','Perry'),(114,'Sofia','Wells'),(115,'Evan','Bryant'),(116,'Scarlet','Watson'),(117,'Wyatt','Harrison'),(118,'Amelia','Bryant'),(119,'Cameron','Ferguson'),(120,'Lily','Murray'),(121,'John','Doe'),(122,'Jane','Smith'),(123,'Michael','Johnson'),(124,'Emily','Davis'),(125,'Daniel','Martinez'),(126,'Sophia','Anderson'),(127,'Christopher','Taylor'),(128,'Olivia','Wilson'),(129,'Matthew','Brown'),(130,'Emma','Moore'),(131,'Nicholas','Jackson'),(132,'Ava','White'),(133,'Ethan','Harris'),(134,'Mia','Thompson'),(135,'Alexander','Garcia'),(136,'Isabella','Rodriguez'),(137,'William','Miller'),(138,'Samantha','Lee'),(139,'James','Wang'),(140,'Grace','Lopez'),(141,'Benjamin','Jones'),(142,'Chloe','Taylor'),(143,'David','Johnson'),(144,'Madison','Gonzalez'),(145,'Andrew','Davis'),(146,'Abigail','Hernandez'),(147,'Joseph','Lee'),(148,'Ella','Young'),(149,'Daniel','Williams'),(150,'Avery','Anderson'),(151,'Jackson','Smith'),(152,'Scarlett','Brown'),(153,'Logan','Thompson'),(154,'Aria','Moore'),(155,'Lucas','Harrison'),(156,'Lily','Nguyen'),(157,'Gabriel','Kim'),(158,'Aiden','Evans'),(159,'Zoe','Gomez'),(160,'Sophie','Rivera'),(161,'Elijah','Perez'),(162,'Aubrey','Turner'),(163,'Caleb','Cooper'),(164,'Hannah','Baker'),(165,'Owen','Hill'),(166,'Natalie','Perry'),(167,'Liam','Barnes'),(168,'Alyssa','Fisher'),(169,'Evan','Wright'),(170,'Hailey','Scott'),(171,'Ryan','Evans'),(172,'Aria','Morales'),(173,'Isaac','Gutierrez'),(174,'Avery','Simmons'),(175,'Layla','Flores'),(176,'Nathan','Reed'),(177,'Brooklyn','King'),(178,'Jeremiah','Cruz'),(179,'Kayla','Ross'),(180,'Hudson','Gibson'),(181,'Bella','Stewart'),(182,'Adrian','Gomez'),(183,'Makayla','Morgan'),(184,'Dylan','Reyes'),(185,'Peyton','Gray'),(186,'Zachary','Bennett'),(187,'Audrey','Cooper'),(188,'Tristan','Hernandez'),(189,'Arianna','Nguyen'),(190,'Colton','Miller'),(191,'Leah','Ramirez'),(192,'Jaxon','Lee'),(193,'Clara','Ferguson'),(194,'Mason','Fisher'),(195,'Mila','Carter'),(196,'Tyler','Martinez'),(197,'Hazel','Thompson'),(198,'Wyatt','Parker'),(199,'Aria','Robinson'),(200,'Blake','Watson');
/*!40000 ALTER TABLE `autores` ENABLE KEYS */;
UNLOCK TABLES;

--
-- Table structure for table `bibliotecas`
--

DROP TABLE IF EXISTS `bibliotecas`;
/*!40101 SET @saved_cs_client     = @@character_set_client */;
/*!50503 SET character_set_client = utf8mb4 */;
CREATE TABLE `bibliotecas` (
  `id` bigint NOT NULL AUTO_INCREMENT,
  `nombre` varchar(255) NOT NULL,
  `direccion` varchar(255) NOT NULL,
  `telefono` varchar(255) NOT NULL,
  `correo` varchar(255) NOT NULL,
  `facultad_id` bigint DEFAULT NULL,
  PRIMARY KEY (`id`),
  KEY `bibliotecas_facultad_id_39498f5f_fk_facultades_id` (`facultad_id`),
  CONSTRAINT `bibliotecas_facultad_id_39498f5f_fk_facultades_id` FOREIGN KEY (`facultad_id`) REFERENCES `facultades` (`id`)
) ENGINE=InnoDB AUTO_INCREMENT=19 DEFAULT CHARSET=utf8mb4 COLLATE=utf8mb4_0900_ai_ci;
/*!40101 SET character_set_client = @saved_cs_client */;

--
-- Dumping data for table `bibliotecas`
--

LOCK TABLES `bibliotecas` WRITE;
/*!40000 ALTER TABLE `bibliotecas` DISABLE KEYS */;
INSERT INTO `bibliotecas` VALUES (1,'Biblioteca de Ingeniería Industrial y de Sistemas','Av. Óscar R. Benavides N°450','7480888','biblio_industrial_sistemas@unfv.edu.pe',1),(2,'Biblioteca de Ciencias Económicas','Av. Nicolás de Piérola Nº 262 Lima','7480888','biblio_fce@unfv.edu.pe',2),(3,'Biblioteca de Administración','Av. Nicolás de Piérola Nº 263 Lima','7480801','biblio_fa@unfv.edu.pe',3),(4,'Biblioteca de Ciencias Financieras y Contables','Av. Nicolás de Piérola Nº 264 Lima','7480802','biblio_fcfc@unfv.edu.pe',4),(5,'Biblioteca de Ciencias Sociales','Av. Nicolás de Piérola Nº 265 Lima','7480803','biblio_fcs@unfv.edu.pe',5),(6,'Biblioteca de Derecho y Ciencia Política','Av. Nicolás de Piérola Nº 266 Lima','7480888','biblio_fdcp@unfv.edu.pe',6),(7,'Biblioteca de Educación','Av. Nicolás de Piérola Nº 267 Lima','7480804','biblio_fe@unfv.edu.pe',7),(8,'Bibilioteca de Humanidades','Av. Nicolás de Piérola Nº 268 Lima','7480888','biblio_fh@unfv.edu.pe',8),(9,'Biblioteca de Arquitectura y Urbanismo','Av. Nicolás de Piérola Nº 268 Lima','7480888','biblio_fau@unfv.edu.pe',9),(10,'Biblioteca de Ingenieria Civil','Av. Nicolás de Piérola Nº 267 Lima','7480888','biblio_fic@unfv.edu.pe',10),(11,'Biblioteca de Ingeniería Geográfica, Ambiental y Ecoturismo','Av. Nicolás de Piérola Nº 269 Lima','7480888','biblio_figae@unfv.edu.pe',11),(12,'Biblioteca de Oceanografía, Pesquería, Ciencias Alimentarias y Acuicultura','Av. Nicolás de Piérola Nº 270 Lima','7480888','biblio_fopcaa@unfv.edu.pe',12),(13,'Biblioteca de Ingeniería Electrónica e Informática','Av. Nicolás de Piérola Nº 271 Lima','7480888','biblio_fiei@unfv.edu.pe',13),(14,'Biblioteca de Ciencias Naturales y Matemática','Av. Nicolás de Piérola Nº 272 Lima','7480888','biblio_fcnm@unfv.edu.pe',14),(15,'Biblioteca de Medicina \"Hipólito Unanue\"','Av. Nicolás de Piérola Nº 274 Lima','7480888','biblio_fmhu@unfv.edu.pe',15),(16,'Biblioteca de Odontología','Av. Nicolás de Piérola Nº 275 Lima','7480888','biblio_fo@unfv.edu.pe',16),(17,'Biblioteca de Tecnología Médica','Av. Nicolás de Piérola Nº 277 Lima','7480888','biblio_ftm@unfv.edu.pe',17),(18,'Biblioteca de Psicología','Av. Nicolás de Piérola Nº 268 Lima','7480888','biblio_fp@unfv.edu.pe',18);
/*!40000 ALTER TABLE `bibliotecas` ENABLE KEYS */;
UNLOCK TABLES;

--
-- Table structure for table `django_admin_log`
--

DROP TABLE IF EXISTS `django_admin_log`;
/*!40101 SET @saved_cs_client     = @@character_set_client */;
/*!50503 SET character_set_client = utf8mb4 */;
CREATE TABLE `django_admin_log` (
  `id` int NOT NULL AUTO_INCREMENT,
  `action_time` datetime(6) NOT NULL,
  `object_id` longtext,
  `object_repr` varchar(200) NOT NULL,
  `action_flag` smallint unsigned NOT NULL,
  `change_message` longtext NOT NULL,
  `content_type_id` int DEFAULT NULL,
  `user_id` bigint NOT NULL,
  PRIMARY KEY (`id`),
  KEY `django_admin_log_content_type_id_c4bce8eb_fk_django_co` (`content_type_id`),
  KEY `django_admin_log_user_id_c564eba6_fk_usuarios_id` (`user_id`),
  CONSTRAINT `django_admin_log_content_type_id_c4bce8eb_fk_django_co` FOREIGN KEY (`content_type_id`) REFERENCES `django_content_type` (`id`),
  CONSTRAINT `django_admin_log_user_id_c564eba6_fk_usuarios_id` FOREIGN KEY (`user_id`) REFERENCES `usuarios` (`id`),
  CONSTRAINT `django_admin_log_chk_1` CHECK ((`action_flag` >= 0))
) ENGINE=InnoDB AUTO_INCREMENT=286 DEFAULT CHARSET=utf8mb4 COLLATE=utf8mb4_0900_ai_ci;
/*!40101 SET character_set_client = @saved_cs_client */;

--
-- Dumping data for table `django_admin_log`
--

LOCK TABLES `django_admin_log` WRITE;
/*!40000 ALTER TABLE `django_admin_log` DISABLE KEYS */;
INSERT INTO `django_admin_log` VALUES (1,'2023-12-18 10:46:21.706249','1','Administrador',1,'[{\"added\": {}}]',11,1),(2,'2023-12-18 10:47:33.344121','1','Facultad de Ingeniería Industrial y de Sistemas',1,'[{\"added\": {}}]',13,1),(3,'2023-12-18 10:48:09.715872','1','Ingeniería de Sistemas',1,'[{\"added\": {}}]',14,1),(4,'2023-12-18 10:50:12.324164','1','Biblioteca de Ingeniería Industrial y de Sistemas',1,'[{\"added\": {}}]',15,1),(5,'2023-12-18 10:50:45.128483','1','2019230765@unfv.edu.pe',2,'[{\"changed\": {\"fields\": [\"First name\", \"Last name\", \"Dni\", \"Codigo insti\", \"Celular\", \"Tipo usuario\", \"Escuela\", \"Biblioteca\"]}}]',6,1),(6,'2023-12-18 11:01:27.568896','1','Español',1,'[{\"added\": {}}]',10,1),(7,'2023-12-18 11:01:34.832919','2','Inglés',1,'[{\"added\": {}}]',10,1),(8,'2023-12-18 11:01:44.106557','1','Libro',1,'[{\"added\": {}}]',8,1),(9,'2023-12-18 11:02:00.177872','1','John Cleese',1,'[{\"added\": {}}]',7,1),(10,'2023-12-18 11:02:07.138048','1','Libro de Python',1,'[{\"added\": {}}]',9,1),(11,'2023-12-19 05:45:25.409449','1','Biblioteca de Ingeniería Industrial y de Sistemas - Libro de Python',1,'[{\"added\": {}}]',16,1),(12,'2023-12-19 05:57:40.724932','3','2019230765@unfv.edu.pe - RESERVADO',1,'[{\"added\": {}}]',12,1),(13,'2023-12-19 06:24:17.953644','2','Estudiante',1,'[{\"added\": {}}]',11,1),(14,'2023-12-31 20:42:22.811391','2','2019230747@unfv.edu.pe',1,'[{\"added\": {}}]',6,1),(15,'2023-12-31 20:44:46.737751','2','2019230747@unfv.edu.pe',2,'[{\"changed\": {\"fields\": [\"First name\", \"Last name\", \"Dni\", \"Codigo insti\", \"Celular\", \"Tipo usuario\", \"Email address\", \"Escuela\", \"Biblioteca\"]}}]',6,1),(16,'2023-12-31 20:47:20.907333','2','Andrew Tanembaun',1,'[{\"added\": {}}]',7,1),(17,'2023-12-31 20:47:27.650620','2','Sistemas Operativos Modernos',1,'[{\"added\": {}}]',9,1),(18,'2023-12-31 20:49:42.060778','3','David McFarland',1,'[{\"added\": {}}]',7,1),(19,'2023-12-31 20:50:02.140501','3','Libro de JavaScript & JQuery',1,'[{\"added\": {}}]',9,1),(20,'2023-12-31 20:59:55.170796','3','Docente',1,'[{\"added\": {}}]',11,1),(21,'2023-12-31 21:18:17.946788','2','Biblioteca de Ingeniería Industrial y de Sistemas - Sistemas Operativos Modernos',1,'[{\"added\": {}}]',16,1),(22,'2023-12-31 21:20:27.553568','2','Facultad de Ciencias Económicas',1,'[{\"added\": {}}]',13,1),(23,'2023-12-31 21:22:15.258281','2','Biblioteca de Ciencias Económicas',1,'[{\"added\": {}}]',15,1),(24,'2023-12-31 21:27:47.356273','4','Emir Samsores',1,'[{\"added\": {}}]',7,1),(25,'2023-12-31 21:27:50.317429','4','El Empresario Virtual: Un Libro de Desarrollo personal y economía',1,'[{\"added\": {}}]',9,1),(26,'2023-12-31 23:40:40.141771','3','Biblioteca de Ciencias Económicas - El Empresario Virtual: Un Libro de Desarrollo personal y economía',1,'[{\"added\": {}}]',16,1),(27,'2024-01-02 23:49:39.589241','4','Biblioteca de Ingeniería Industrial y de Sistemas - El Empresario Virtual: Un Libro de Desarrollo personal y economía',1,'[{\"added\": {}}]',16,1),(28,'2024-01-05 00:52:01.292487','2','Artículo',1,'[{\"added\": {}}]',8,1),(29,'2024-01-05 00:52:21.305951','5','David Martinez',1,'[{\"added\": {}}]',7,1),(30,'2024-01-05 00:52:22.553801','5','Sistemas Operativos',1,'[{\"added\": {}}]',9,1),(31,'2024-01-05 00:52:56.690381','5','Biblioteca de Ingeniería Industrial y de Sistemas - Sistemas Operativos',1,'[{\"added\": {}}]',16,1),(32,'2024-01-05 02:16:31.100842','2','2019230747@unfv.edu.pe',2,'[{\"changed\": {\"fields\": [\"Image\"]}}]',6,1),(33,'2024-01-05 04:15:40.179935','6','Biblioteca de Ingeniería Industrial y de Sistemas - Libro de JavaScript & JQuery',1,'[{\"added\": {}}]',16,1),(34,'2024-01-05 04:20:56.414754','4','2019230747@unfv.edu.pe - RESERVADO',3,'',12,1),(35,'2024-01-05 04:23:24.409048','5','2019230747@unfv.edu.pe - RESERVADO',3,'',12,1),(36,'2024-01-06 01:41:32.654692','6','2019230747@unfv.edu.pe - PRESTADO',2,'[{\"changed\": {\"fields\": [\"Fecha devolucion confirmada\", \"Estado prestamo\"]}}]',12,1),(37,'2024-01-06 01:43:01.251252','6','2019230747@unfv.edu.pe - DEVUELTO',2,'[{\"changed\": {\"fields\": [\"Estado prestamo\"]}}]',12,1),(38,'2024-01-06 01:43:46.444619','6','2019230747@unfv.edu.pe - RESERVADO',2,'[{\"changed\": {\"fields\": [\"Estado prestamo\"]}}]',12,1),(39,'2024-01-06 01:46:06.184122','7','2019230747@unfv.edu.pe - RESERVADO',1,'[{\"added\": {}}]',12,1),(40,'2024-01-06 01:46:18.343023','6','2019230747@unfv.edu.pe - DEVUELTO',2,'[{\"changed\": {\"fields\": [\"Estado prestamo\"]}}]',12,1),(41,'2024-01-06 01:46:40.692261','7','2019230747@unfv.edu.pe - PRESTADO',2,'[{\"changed\": {\"fields\": [\"Estado prestamo\"]}}]',12,1),(42,'2024-01-06 01:57:46.387194','3','2019230123@unfv.edu.pe',1,'[{\"added\": {}}]',6,1),(43,'2024-01-06 02:02:11.001375','3','2019230123@unfv.edu.pe',2,'[{\"changed\": {\"fields\": [\"First name\", \"Last name\", \"Dni\", \"Codigo insti\", \"Celular\", \"Tipo usuario\", \"Email address\", \"Image\", \"Escuela\", \"Biblioteca\"]}}]',6,1),(44,'2024-01-06 02:33:05.111274','9','2019230123@unfv.edu.pe - DEVUELTO',1,'[{\"added\": {}}]',12,1),(45,'2024-01-06 02:34:02.782949','8','2019230123@unfv.edu.pe - DEVUELTO',2,'[{\"changed\": {\"fields\": [\"Fecha reserva\", \"Fecha recojo\", \"Fecha devolucion\", \"Fecha devolucion confirmada\", \"Estado prestamo\"]}}]',12,1),(46,'2024-01-06 02:37:30.300375','6','Roberto Sampieri',1,'[{\"added\": {}}]',7,1),(47,'2024-01-06 02:37:32.155881','6','Metodología de la Investigación',1,'[{\"added\": {}}]',9,1),(48,'2024-01-06 02:38:02.098286','7','Biblioteca de Ingeniería Industrial y de Sistemas - Metodología de la Investigación',1,'[{\"added\": {}}]',16,1),(49,'2024-01-06 02:46:54.830250','7','Richard Donaldson',1,'[{\"added\": {}}]',7,1),(50,'2024-01-06 02:47:03.005098','7','Inteligencia Artificial',1,'[{\"added\": {}}]',9,1),(51,'2024-01-06 02:47:25.782009','8','Biblioteca de Ingeniería Industrial y de Sistemas - Inteligencia Artificial',1,'[{\"added\": {}}]',16,1),(52,'2024-01-06 02:51:38.674680','10','2019230123@unfv.edu.pe - DEVUELTO',1,'[{\"added\": {}}]',12,1),(53,'2024-01-06 02:53:28.247880','8','2019230123@unfv.edu.pe - DEVUELTO',2,'[{\"changed\": {\"fields\": [\"Inventario\"]}}]',12,1),(54,'2024-01-06 02:53:56.964746','9','2019230123@unfv.edu.pe - DEVUELTO',2,'[{\"changed\": {\"fields\": [\"Inventario\"]}}]',12,1),(55,'2024-01-06 02:56:56.420304','11','2019230123@unfv.edu.pe - DEVUELTO',1,'[{\"added\": {}}]',12,1),(56,'2024-01-06 03:23:54.727609','11','2019230123@unfv.edu.pe - DEVUELTO',2,'[{\"changed\": {\"fields\": [\"Inventario\"]}}]',12,1),(57,'2024-01-06 07:10:31.740803','2','2019230747@unfv.edu.pe',2,'[{\"changed\": {\"fields\": [\"Image\"]}}]',6,1),(58,'2024-01-06 07:11:36.831772','3','2019230123@unfv.edu.pe',2,'[{\"changed\": {\"fields\": [\"Image\"]}}]',6,1),(59,'2024-01-06 07:53:22.689538','2','2019230747@unfv.edu.pe',2,'[{\"changed\": {\"fields\": [\"Image\"]}}]',6,1),(60,'2024-01-06 10:40:35.340725','4','2019230456@unfv.edu.pe',1,'[{\"added\": {}}]',6,1),(61,'2024-01-06 10:41:13.670195','4','2019230456@unfv.edu.pe',2,'[{\"changed\": {\"fields\": [\"First name\", \"Last name\", \"Dni\", \"Codigo insti\", \"Celular\", \"Tipo usuario\", \"Email address\", \"Escuela\", \"Biblioteca\"]}}]',6,1),(62,'2024-01-06 11:10:31.901920','4','2019230456@unfv.edu.pe',2,'[{\"changed\": {\"fields\": [\"Image\"]}}]',6,1),(63,'2024-01-06 22:58:25.195291','1','Biblioteca de Ingeniería Industrial y de Sistemas - Libro de Python',2,'[{\"changed\": {\"fields\": [\"Stock actual\"]}}]',16,1),(64,'2024-01-06 22:59:03.750035','1','Biblioteca de Ingeniería Industrial y de Sistemas - Libro de Python',2,'[{\"changed\": {\"fields\": [\"Stock actual\"]}}]',16,1),(65,'2024-01-06 22:59:20.440799','6','Biblioteca de Ingeniería Industrial y de Sistemas - Libro de JavaScript & JQuery',2,'[{\"changed\": {\"fields\": [\"Stock actual\"]}}]',16,1),(66,'2024-01-06 22:59:29.810179','6','Biblioteca de Ingeniería Industrial y de Sistemas - Libro de JavaScript & JQuery',2,'[{\"changed\": {\"fields\": [\"Stock actual\"]}}]',16,1),(67,'2024-01-06 22:59:37.911367','1','Biblioteca de Ingeniería Industrial y de Sistemas - Libro de Python',2,'[{\"changed\": {\"fields\": [\"Stock actual\"]}}]',16,1),(68,'2024-01-08 16:52:25.929598','3','Facultad de Administración',1,'[{\"added\": {}}]',13,1),(69,'2024-01-08 16:52:46.962285','4','Facultad de Ciencias Financieras y Contables',1,'[{\"added\": {}}]',13,1),(70,'2024-01-08 16:52:59.048499','5','Facultad de Ciencias Sociales',1,'[{\"added\": {}}]',13,1),(71,'2024-01-08 16:53:03.261850','6','Facultad de Derecho y Ciencia Política',1,'[{\"added\": {}}]',13,1),(72,'2024-01-08 16:53:08.168419','7','Facultad de Educación',1,'[{\"added\": {}}]',13,1),(73,'2024-01-08 16:53:13.121769','8','Facultad de Humanidades',1,'[{\"added\": {}}]',13,1),(74,'2024-01-08 16:53:20.616049','9','Facultad de Arquitectura y Urbanismo',1,'[{\"added\": {}}]',13,1),(75,'2024-01-08 16:53:25.775944','10','Facultad de Ingeniería Civil',1,'[{\"added\": {}}]',13,1),(76,'2024-01-08 16:53:29.858478','11','Facultad de Ingeniería Industrial y de Sistemas',1,'[{\"added\": {}}]',13,1),(77,'2024-01-08 16:53:52.035510','11','Facultad de Ingeniería Geográfica, Ambiental y Ecoturismo',2,'[{\"changed\": {\"fields\": [\"Nombre\"]}}]',13,1),(78,'2024-01-08 16:53:57.825421','12','Facultad de Oceanografía, Pesquería, Ciencias Alimentarias y Acuicultura',1,'[{\"added\": {}}]',13,1),(79,'2024-01-08 16:54:02.784044','13','Facultad de Ingeniería Electrónica e Informática',1,'[{\"added\": {}}]',13,1),(80,'2024-01-08 16:54:07.472828','14','Facultad de Ciencias Naturales y Matemática',1,'[{\"added\": {}}]',13,1),(81,'2024-01-08 16:54:13.919733','15','Facultad de Medicina \"Hipólito Unanue\"',1,'[{\"added\": {}}]',13,1),(82,'2024-01-08 16:54:18.115996','16','Facultad de Odontología',1,'[{\"added\": {}}]',13,1),(83,'2024-01-08 16:54:22.875903','17','Facultad de Tecnología Médica',1,'[{\"added\": {}}]',13,1),(84,'2024-01-08 16:54:27.212092','18','Facultad de Psicología',1,'[{\"added\": {}}]',13,1),(85,'2024-01-08 17:01:53.930174','2','Ingeniería de Transportes',1,'[{\"added\": {}}]',14,1),(86,'2024-01-08 17:02:12.801398','3','Ingeniería Agroindustrial',1,'[{\"added\": {}}]',14,1),(87,'2024-01-08 17:02:28.029118','4','Ingeniería Industrial',1,'[{\"added\": {}}]',14,1),(88,'2024-01-08 17:06:26.711393','5','Economía',1,'[{\"added\": {}}]',14,1),(89,'2024-01-08 17:06:44.785546','6','Administración de Empresas',1,'[{\"added\": {}}]',14,1),(90,'2024-01-08 17:06:52.816012','7','Administración de Turismo',1,'[{\"added\": {}}]',14,1),(91,'2024-01-08 17:09:08.782160','8','Administración Pública',1,'[{\"added\": {}}]',14,1),(92,'2024-01-08 17:09:14.159455','9','Negocios Internacionales',1,'[{\"added\": {}}]',14,1),(93,'2024-01-08 17:09:22.903019','10','Marketing',1,'[{\"added\": {}}]',14,1),(94,'2024-01-08 17:09:31.694960','11','Contabilidad',1,'[{\"added\": {}}]',14,1),(95,'2024-01-08 17:09:45.282652','12','Derecho',1,'[{\"added\": {}}]',14,1),(96,'2024-01-08 17:09:52.580230','13','Ciencia Política',1,'[{\"added\": {}}]',14,1),(97,'2024-01-08 17:10:16.224232','14','Ciencias de la comunicación',1,'[{\"added\": {}}]',14,1),(98,'2024-01-08 17:10:27.489750','15','Sociología',1,'[{\"added\": {}}]',14,1),(99,'2024-01-08 17:10:34.265716','16','Trabajo Social',1,'[{\"added\": {}}]',14,1),(100,'2024-01-08 17:10:42.526720','17','Filosofía',1,'[{\"added\": {}}]',14,1),(101,'2024-01-08 17:10:53.970586','18','Lingüística',1,'[{\"added\": {}}]',14,1),(102,'2024-01-08 17:11:02.550130','19','Literatura',1,'[{\"added\": {}}]',14,1),(103,'2024-01-08 17:11:10.816846','20','Historia',1,'[{\"added\": {}}]',14,1),(104,'2024-01-08 17:11:17.190425','21','Antropología',1,'[{\"added\": {}}]',14,1),(105,'2024-01-08 17:11:24.452430','22','Arqueología',1,'[{\"added\": {}}]',14,1),(106,'2024-01-08 17:11:37.886604','23','Inicial',1,'[{\"added\": {}}]',14,1),(107,'2024-01-08 17:11:44.534389','24','Primaria',1,'[{\"added\": {}}]',14,1),(108,'2024-01-08 17:11:57.215754','25','Secundaria',1,'[{\"added\": {}}]',14,1),(109,'2024-01-08 17:12:11.015744','26','Educación Física',1,'[{\"added\": {}}]',14,1),(110,'2024-01-08 17:12:22.682439','27','Arquitectura',1,'[{\"added\": {}}]',14,1),(111,'2024-01-08 17:12:31.432877','28','Ingeniería Civil',1,'[{\"added\": {}}]',14,1),(112,'2024-01-08 17:13:10.988054','29','Ingeniero en Ciencias Alimentarias',1,'[{\"added\": {}}]',14,1),(113,'2024-01-08 17:13:19.582335','30','Ingeniero en Acuicultura',1,'[{\"added\": {}}]',14,1),(114,'2024-01-08 17:13:28.406549','31','Ingeniero Pesquero',1,'[{\"added\": {}}]',14,1),(115,'2024-01-08 17:13:37.390638','32','Ingeniería Geográfica',1,'[{\"added\": {}}]',14,1),(116,'2024-01-08 17:13:44.707647','33','Ingeniería Ambiental',1,'[{\"added\": {}}]',14,1),(117,'2024-01-08 17:13:50.638173','34','Ingeniería de Ecoturismo',1,'[{\"added\": {}}]',14,1),(118,'2024-01-08 17:14:09.836121','35','Ingeniería Electrónica',1,'[{\"added\": {}}]',14,1),(119,'2024-01-08 17:14:18.214782','36','Ingeniería Informática',1,'[{\"added\": {}}]',14,1),(120,'2024-01-08 17:14:29.261242','37','Ingeniería de Telecomunicaciones',1,'[{\"added\": {}}]',14,1),(121,'2024-01-08 17:14:36.061360','38','Ingeniería Mecatrónica',1,'[{\"added\": {}}]',14,1),(122,'2024-01-08 17:14:50.993016','39','Medicina',1,'[{\"added\": {}}]',14,1),(123,'2024-01-08 17:16:04.983073','40','Enfermería',1,'[{\"added\": {}}]',14,1),(124,'2024-01-08 17:16:12.926517','41','Nutrición',1,'[{\"added\": {}}]',14,1),(125,'2024-01-08 17:16:19.494842','42','Obstetricia',1,'[{\"added\": {}}]',14,1),(126,'2024-01-08 17:16:30.614379','43','Odontología',1,'[{\"added\": {}}]',14,1),(127,'2024-01-08 17:16:39.342360','44','Laboratorio y Anatomía Patológica',1,'[{\"added\": {}}]',14,1),(128,'2024-01-08 17:16:47.155482','45','Terapia Física y Rehabilitación',1,'[{\"added\": {}}]',14,1),(129,'2024-01-08 17:16:54.375439','46','Terapia de Lenguaje',1,'[{\"added\": {}}]',14,1),(130,'2024-01-08 17:16:59.992560','47','Radiología',1,'[{\"added\": {}}]',14,1),(131,'2024-01-08 17:17:06.078413','48','Optometría',1,'[{\"added\": {}}]',14,1),(132,'2024-01-08 17:17:14.094727','49','Psicología',1,'[{\"added\": {}}]',14,1),(133,'2024-01-08 17:17:25.045434','50','Matemática',1,'[{\"added\": {}}]',14,1),(134,'2024-01-08 17:17:34.414503','51','Física',1,'[{\"added\": {}}]',14,1),(135,'2024-01-08 17:17:41.079045','52','Estadística',1,'[{\"added\": {}}]',14,1),(136,'2024-01-08 17:17:52.333364','53','Biología',1,'[{\"added\": {}}]',14,1),(137,'2024-01-08 17:17:59.999271','54','Química',1,'[{\"added\": {}}]',14,1),(138,'2024-01-08 17:20:31.703674','3','Portugués',1,'[{\"added\": {}}]',10,1),(139,'2024-01-08 17:20:37.644984','4','Italiano',1,'[{\"added\": {}}]',10,1),(140,'2024-01-08 17:20:41.565695','5','Ruso',1,'[{\"added\": {}}]',10,1),(141,'2024-01-08 17:20:58.483210','6','Francés',1,'[{\"added\": {}}]',10,1),(142,'2024-01-08 17:21:16.495348','7','Quechua',1,'[{\"added\": {}}]',10,1),(143,'2024-01-08 17:23:37.216484','3','Biblioteca de Administración',1,'[{\"added\": {}}]',15,1),(144,'2024-01-08 17:24:21.226635','4','Biblioteca de Ciencias Financieras y Contables',1,'[{\"added\": {}}]',15,1),(145,'2024-01-08 17:24:57.064300','5','Biblioteca de Ciencias Sociales',1,'[{\"added\": {}}]',15,1),(146,'2024-01-08 17:25:30.381758','6','Biblioteca de Derecho y Ciencia Política',1,'[{\"added\": {}}]',15,1),(147,'2024-01-08 17:26:08.144885','7','Biblioteca de Educación',1,'[{\"added\": {}}]',15,1),(148,'2024-01-08 17:26:14.429568','7','Biblioteca de Educación',2,'[{\"changed\": {\"fields\": [\"Correo\"]}}]',15,1),(149,'2024-01-08 17:26:45.505648','8','Bibilioteca de Humanidades',1,'[{\"added\": {}}]',15,1),(150,'2024-01-08 17:27:12.562995','9','Biblioteca de Arquitectura y Urbanismo',1,'[{\"added\": {}}]',15,1),(151,'2024-01-08 17:27:43.552831','10','BIblioteca de Ingenieria Civil',1,'[{\"added\": {}}]',15,1),(152,'2024-01-08 17:28:30.061267','11','Biblioteca de Ingeniería Geográfica, Ambiental y Ecoturismo',1,'[{\"added\": {}}]',15,1),(153,'2024-01-08 17:29:15.245437','12','Biblioteca de Oceanografía, Pesquería, Ciencias Alimentarias y Acuicultura',1,'[{\"added\": {}}]',15,1),(154,'2024-01-08 17:30:02.892740','13','Biblioteca de Ingeniería Electrónica e Informática',1,'[{\"added\": {}}]',15,1),(155,'2024-01-08 17:30:40.328408','14','Biblioteca de Ciencias Naturales y Matemática',1,'[{\"added\": {}}]',15,1),(156,'2024-01-08 17:31:12.446918','15','Biblioteca de Medicina \"Hipólito Unanue\"',1,'[{\"added\": {}}]',15,1),(157,'2024-01-08 17:31:56.476602','16','Biblioteca de Odontología',1,'[{\"added\": {}}]',15,1),(158,'2024-01-08 17:32:21.660099','17','Biblioteca de Tecnología Médica',1,'[{\"added\": {}}]',15,1),(159,'2024-01-08 17:32:45.734030','18','Biblioteca de Psicología',1,'[{\"added\": {}}]',15,1),(160,'2024-01-08 18:11:57.933184','5','201923701@unfv.edu.pe',1,'[{\"added\": {}}]',6,1),(161,'2024-01-08 18:20:00.822242','5','201923701@unfv.edu.pe',2,'[{\"changed\": {\"fields\": [\"First name\", \"Last name\", \"Dni\", \"Codigo insti\", \"Celular\", \"Tipo usuario\", \"Email address\", \"Escuela\", \"Biblioteca\"]}}]',6,1),(162,'2024-01-08 18:22:42.946166','6','2019230702@unfv.edu.pe',1,'[{\"added\": {}}]',6,1),(163,'2024-01-08 18:25:08.220115','6','2019230702@unfv.edu.pe',2,'[{\"changed\": {\"fields\": [\"First name\", \"Last name\", \"Dni\", \"Codigo insti\", \"Celular\", \"Tipo usuario\", \"Email address\", \"Escuela\", \"Biblioteca\"]}}]',6,1),(164,'2024-01-08 18:25:24.199684','7','2019230703@unfv.edu.pe',1,'[{\"added\": {}}]',6,1),(165,'2024-01-08 18:26:48.631649','7','2019230703@unfv.edu.pe',2,'[{\"changed\": {\"fields\": [\"First name\", \"Last name\", \"Dni\", \"Codigo insti\", \"Celular\", \"Tipo usuario\", \"Email address\", \"Escuela\", \"Biblioteca\"]}}]',6,1),(166,'2024-01-08 18:27:29.008114','5','201923701@unfv.edu.pe',2,'[{\"changed\": {\"fields\": [\"password\"]}}]',6,1),(167,'2024-01-08 18:27:38.805936','5','2019230701@unfv.edu.pe',2,'[{\"changed\": {\"fields\": [\"Username\", \"Codigo insti\"]}}]',6,1),(168,'2024-01-08 18:29:52.644414','8','2019230704@unfv.edu.pe',1,'[{\"added\": {}}]',6,1),(169,'2024-01-08 18:32:52.947764','8','2019230704@unfv.edu.pe',2,'[{\"changed\": {\"fields\": [\"First name\", \"Last name\", \"Dni\", \"Codigo insti\", \"Celular\", \"Tipo usuario\", \"Email address\", \"Escuela\", \"Biblioteca\"]}}]',6,1),(170,'2024-01-08 18:54:16.165132','9','2019230705@unfv.edu.pe',2,'[{\"changed\": {\"fields\": [\"Tipo usuario\"]}}]',6,1),(171,'2024-01-08 18:57:10.124661','10','2019230706@unfv.edu.pe',2,'[{\"changed\": {\"fields\": [\"Tipo usuario\"]}}]',6,1),(172,'2024-01-08 18:58:47.169892','11','2019230707@unfv.edu.pe',2,'[{\"changed\": {\"fields\": [\"Tipo usuario\"]}}]',6,1),(173,'2024-01-08 20:51:16.949402','55','Escuela Profesional de Tecnología Médica',1,'[{\"added\": {}}]',14,1),(174,'2024-01-08 21:36:40.643936','8','Jim R. Wilson',1,'[{\"added\": {}}]',7,1),(175,'2024-01-08 21:37:43.180566','8','Node.js the Right Way: Practical, Server-Side JavaScript That Scales',1,'[{\"added\": {}}]',9,1),(176,'2024-01-08 21:38:17.738214','9','Biblioteca de Ingeniería Industrial y de Sistemas - Node.js the Right Way: Practical, Server-Side JavaScript That Scales',1,'[{\"added\": {}}]',16,1),(177,'2024-01-18 23:27:01.572506','90','2019230789@unfv.edu.pe',1,'[{\"added\": {}}]',6,1),(178,'2024-01-18 23:29:16.409819','90','2019230789@unfv.edu.pe',2,'[{\"changed\": {\"fields\": [\"First name\", \"Last name\", \"Dni\", \"Codigo insti\", \"Celular\", \"Tipo usuario\", \"Email address\", \"Escuela\", \"Biblioteca\"]}}]',6,1),(179,'2024-01-18 23:33:01.957462','91','2019230788@unfv.edu.pe',1,'[{\"added\": {}}]',6,1),(180,'2024-01-18 23:34:36.176647','91','2019230788@unfv.edu.pe',2,'[{\"changed\": {\"fields\": [\"First name\", \"Last name\", \"Dni\", \"Codigo insti\", \"Celular\", \"Tipo usuario\", \"Email address\", \"Escuela\", \"Biblioteca\"]}}]',6,1),(181,'2024-01-18 23:35:34.443199','91','2019230788@unfv.edu.pe',2,'[{\"changed\": {\"fields\": [\"Biblioteca\"]}}]',6,1),(182,'2024-01-18 23:41:15.962475','10','Biblioteca de Ingenieria Civil',2,'[{\"changed\": {\"fields\": [\"Nombre\"]}}]',15,1),(183,'2024-01-18 23:55:30.188540','9','Webinar',1,'[{\"added\": {}}]',18,1),(184,'2024-01-18 23:55:33.965278','10','Taller',1,'[{\"added\": {}}]',18,1),(185,'2024-01-18 23:55:36.573980','11','Seminario',1,'[{\"added\": {}}]',18,1),(186,'2024-01-18 23:55:41.935998','12','Capacitación',1,'[{\"added\": {}}]',18,1),(187,'2024-01-18 23:55:50.405031','3','Presencial',1,'[{\"added\": {}}]',19,1),(188,'2024-01-18 23:55:53.761624','4','Virtual',1,'[{\"added\": {}}]',19,1),(189,'2024-01-18 23:56:35.915994','4','Finalizado',1,'[{\"added\": {}}]',20,1),(190,'2024-01-18 23:56:41.230995','5','En Progreso',1,'[{\"added\": {}}]',20,1),(191,'2024-01-18 23:56:47.601596','6','Programado',1,'[{\"added\": {}}]',20,1),(192,'2024-01-19 00:01:40.058177','12','Laura Zavala',1,'[{\"added\": {}}]',21,1),(193,'2024-01-19 00:03:30.872198','6','Taller: Uso de la Plataforma Jurídica VLEX - Nivel Avanzado',1,'[{\"added\": {}}]',17,1),(194,'2024-01-19 00:03:57.559219','6','Taller: Uso de la Plataforma Jurídica VLEX - Nivel Avanzado',2,'[{\"changed\": {\"fields\": [\"Imagen\"]}}]',17,1),(195,'2024-01-19 00:04:22.775393','6','Taller: Uso de la Plataforma Jurídica VLEX - Nivel Avanzado',2,'[{\"changed\": {\"fields\": [\"Imagen\"]}}]',17,1),(196,'2024-01-19 00:05:48.973803','6','Taller: Uso de la Plataforma Jurídica VLEX - Nivel Avanzado',2,'[{\"changed\": {\"fields\": [\"Estado\"]}}]',17,1),(197,'2024-01-19 00:11:49.753744','13','Marcos Tarazona',1,'[{\"added\": {}}]',21,1),(198,'2024-01-19 00:12:10.659073','12','Laura Zavala',2,'[]',21,1),(199,'2024-01-19 00:12:23.528838','6','Taller: Uso de la Plataforma Jurídica VLEX - Nivel Avanzado',2,'[{\"changed\": {\"fields\": [\"Ponente\"]}}]',17,1),(200,'2024-01-19 00:20:33.403246','6','Taller: Uso de la Plataforma Jurídica VLEX - Nivel Avanzado',2,'[{\"changed\": {\"fields\": [\"Modalidad\"]}}]',17,1),(201,'2024-01-19 00:20:53.461764','6','Taller: Uso de la Plataforma Jurídica VLEX - Nivel Avanzado',2,'[{\"changed\": {\"fields\": [\"Modalidad\"]}}]',17,1),(202,'2024-01-19 00:21:07.080083','6','Taller: Uso de la Plataforma Jurídica VLEX - Nivel Avanzado',2,'[{\"changed\": {\"fields\": [\"Estado\"]}}]',17,1),(203,'2024-01-19 00:21:34.708334','6','Taller: Uso de la Plataforma Jurídica VLEX - Nivel Avanzado',2,'[{\"changed\": {\"fields\": [\"Estado\"]}}]',17,1),(204,'2024-01-19 00:24:40.945792','91','2019230788@unfv.edu.pe',2,'[{\"changed\": {\"fields\": [\"Biblioteca\"]}}]',6,1),(205,'2024-01-19 00:27:32.989612','91','2019230788@unfv.edu.pe',2,'[{\"changed\": {\"fields\": [\"Biblioteca\"]}}]',6,1),(206,'2024-01-19 00:35:47.868075','443','2019230788@unfv.edu.pe - DEVUELTO',2,'[{\"changed\": {\"fields\": [\"Fecha devolucion confirmada\", \"Estado prestamo\"]}}]',12,1),(207,'2024-01-19 00:40:49.825799','4','2019230456@unfv.edu.pe',2,'[{\"changed\": {\"fields\": [\"Tipo usuario\"]}}]',6,1),(208,'2024-01-19 00:42:14.675597','90','2019230789@unfv.edu.pe',2,'[{\"changed\": {\"fields\": [\"Tipo usuario\"]}}]',6,1),(209,'2024-01-19 00:44:05.428253','445','2019230789@unfv.edu.pe - PRESTADO',2,'[{\"changed\": {\"fields\": [\"Estado prestamo\"]}}]',12,1),(210,'2024-01-19 00:45:01.696522','445','2019230789@unfv.edu.pe - PRESTADO',2,'[{\"changed\": {\"fields\": [\"Fecha devolucion confirmada\"]}}]',12,1),(211,'2024-01-19 00:45:15.042668','445','2019230789@unfv.edu.pe - DEVUELTO',2,'[{\"changed\": {\"fields\": [\"Estado prestamo\"]}}]',12,1),(212,'2024-01-19 00:48:08.102443','90','2019230789@unfv.edu.pe',2,'[{\"changed\": {\"fields\": [\"Active\"]}}]',6,1),(213,'2024-01-19 01:03:42.311881','90','2019230789@unfv.edu.pe',2,'[{\"changed\": {\"fields\": [\"Image\"]}}]',6,1),(214,'2024-01-19 07:16:48.488679','14','Karen Cortez Torres',1,'[{\"added\": {}}]',21,1),(215,'2024-01-19 07:17:18.053847','15','Carlos Salazar Barrientos',1,'[{\"added\": {}}]',21,1),(216,'2024-01-19 07:17:35.555185','7','II Seminario Internacional: Las Bibliotecas de hoy del Futuro',1,'[{\"added\": {}}]',17,1),(217,'2024-01-19 07:18:04.144349','7','II Seminario Internacional: Las Bibliotecas de hoy y del Futuro',2,'[{\"changed\": {\"fields\": [\"Nombre\"]}}]',17,1),(218,'2024-01-19 07:20:56.696113','7','II Seminario Internacional: Las Bibliotecas de hoy y del Futuro',2,'[{\"changed\": {\"fields\": [\"Enlace\"]}}]',17,1),(219,'2024-01-19 07:30:38.181893','16','Cesar Calderon Rodriguez',1,'[{\"added\": {}}]',21,1),(220,'2024-01-19 07:31:03.478483','8','Seminario de Autor: Introducción a la Publicación Académica',1,'[{\"added\": {}}]',17,1),(221,'2024-01-19 07:33:02.788929','17','Alejandra Quiroz Velasquez',1,'[{\"added\": {}}]',21,1),(222,'2024-01-19 07:33:20.479496','8','Seminario de Autor: Introducción a la Publicación Académica',2,'[{\"changed\": {\"fields\": [\"Ponente\"]}}]',17,1),(223,'2024-01-19 07:33:37.580090','8','Seminario de Autor: Introducción a la Publicación Académica',2,'[{\"changed\": {\"fields\": [\"Enlace\"]}}]',17,1),(224,'2024-01-19 07:35:18.106778','18','Martha Avalos Carranza',1,'[{\"added\": {}}]',21,1),(225,'2024-01-19 07:35:53.004917','9','Capacitación: Manejo de la Plataforma de Libros Digitales AlphaCloud',1,'[{\"added\": {}}]',17,1),(226,'2024-01-19 07:36:26.611478','18','Martha Avalos Carranza',2,'[{\"changed\": {\"fields\": [\"Foto\"]}}]',21,1),(227,'2024-01-19 07:39:33.570472','19','Enzo Ramirez Conde',1,'[{\"added\": {}}]',21,1),(228,'2024-01-19 07:40:20.028519','10','¿Cómo se realizan las búsquedas en la Plataforma WOS?',1,'[{\"added\": {}}]',17,1),(229,'2024-01-19 07:41:05.280381','12','Angela Rocha Avala',2,'[{\"changed\": {\"fields\": [\"Nombre\"]}}]',21,1),(230,'2024-01-19 07:41:36.832089','13','Marcos Tarazona Rodriguez',2,'[{\"changed\": {\"fields\": [\"Nombre\"]}}]',21,1),(231,'2024-01-19 17:16:03.597497','4','El Empresario Virtual: Un Libro de Desarrollo personal',2,'[{\"changed\": {\"fields\": [\"Titulo\", \"Descripcion\", \"Autor\"]}}]',9,1),(232,'2024-01-19 17:17:37.127378','23','Desarrollo Ágil con Scrum',2,'[{\"changed\": {\"fields\": [\"Imagen\"]}}]',9,1),(233,'2024-01-19 17:18:03.109099','90','2019230789@unfv.edu.pe',2,'[{\"changed\": {\"fields\": [\"Tipo usuario\", \"Escuela\", \"Biblioteca\"]}}]',6,1),(234,'2024-01-19 17:19:48.915941','26','Desarrollo de Aplicaciones Móviles con React Native',2,'[{\"changed\": {\"fields\": [\"Imagen\", \"Autor\"]}}]',9,1),(235,'2024-01-19 17:20:51.516059','30','Desarrollo Web con Django',2,'[{\"changed\": {\"fields\": [\"Imagen\", \"Autor\"]}}]',9,1),(236,'2024-01-19 17:22:48.017190','36','Desarrollo de Videojuegos con Unity',2,'[{\"changed\": {\"fields\": [\"Imagen\", \"Idioma\"]}}]',9,1),(237,'2024-01-19 17:24:41.173639','34','Desarrollo Ágil de Software con Kanban',2,'[{\"changed\": {\"fields\": [\"Imagen\", \"Autor\"]}}]',9,1),(238,'2024-01-19 17:25:41.975546','36','Desarrollo de Videojuegos con Unity',2,'[{\"changed\": {\"fields\": [\"Autor\"]}}]',9,1),(239,'2024-01-19 17:28:40.824651','44','Desarrollo de Aplicaciones iOS con Swift',2,'[{\"changed\": {\"fields\": [\"Imagen\"]}}]',9,1),(240,'2024-01-19 17:29:13.829241','46','Desarrollo de Aplicaciones para la Internet de las Cosas (IoT)',2,'[{\"changed\": {\"fields\": [\"Imagen\"]}}]',9,1),(241,'2024-01-19 17:29:48.438469','53','Desarrollo de Videojuegos en Realidad Virtual',2,'[{\"changed\": {\"fields\": [\"Imagen\"]}}]',9,1),(242,'2024-01-19 17:30:20.144566','56','Desarrollo de Juegos 2D con Unity',2,'[{\"changed\": {\"fields\": [\"Imagen\"]}}]',9,1),(243,'2024-01-19 17:30:53.308078','58','Desarrollo de Aplicaciones con Angular',2,'[{\"changed\": {\"fields\": [\"Imagen\"]}}]',9,1),(244,'2024-01-19 17:33:26.743177','4','Learning React: A Hands-on Guide to Building Maintainable, High-performing Web Application',2,'[{\"changed\": {\"fields\": [\"Titulo\", \"Descripcion\", \"Imagen\", \"Idioma\"]}}]',9,1),(245,'2024-01-19 17:51:54.404948','4','Learning React: A Hands-on Guide to Building Maintainable',2,'[{\"changed\": {\"fields\": [\"Titulo\"]}}]',9,1),(246,'2024-01-19 17:51:56.393287','52','Biblioteca de Ingeniería Industrial y de Sistemas - Learning React: A Hands-on Guide to Building Maintainable',2,'[]',16,1),(247,'2024-01-19 17:52:47.889770','13','Patrones de Diseño: Elementos de Software',2,'[{\"changed\": {\"fields\": [\"Titulo\", \"Autor\"]}}]',9,1),(248,'2024-01-19 17:52:49.499333','3','Biblioteca de Ingeniería Industrial y de Sistemas - Patrones de Diseño: Elementos de Software',2,'[]',16,1),(249,'2024-01-19 17:55:14.251181','3','Boletín',1,'[{\"added\": {}}]',8,1),(250,'2024-01-19 17:55:21.684435','4','Catalogo',1,'[{\"added\": {}}]',8,1),(251,'2024-01-19 17:55:28.465914','5','Monografía',1,'[{\"added\": {}}]',8,1),(252,'2024-01-19 17:55:32.516996','6','Revista',1,'[{\"added\": {}}]',8,1),(253,'2024-01-19 17:55:37.649942','7','Folleto',1,'[{\"added\": {}}]',8,1),(254,'2024-01-19 17:55:44.885809','8','Manual',1,'[{\"added\": {}}]',8,1),(255,'2024-01-19 17:55:49.785357','9','Tesina',1,'[{\"added\": {}}]',8,1),(256,'2024-01-19 17:56:10.242679','10','Tesis Profesional',1,'[{\"added\": {}}]',8,1),(257,'2024-01-19 17:56:15.188453','10','Tesis',2,'[{\"changed\": {\"fields\": [\"Tipo\"]}}]',8,1),(258,'2024-01-19 17:56:41.159929','9','Tesina',3,'',8,1),(259,'2024-01-19 18:24:32.594110','20','Biblioteca de Ingeniería Industrial y de Sistemas - Desarrollo Web con Django',2,'[{\"changed\": {\"fields\": [\"Stock actual\"]}}]',16,1),(260,'2024-01-19 18:24:57.006369','47','Biblioteca de Ingeniería Industrial y de Sistemas - Desarrollo de Aplicaciones con Angular',2,'[{\"changed\": {\"fields\": [\"Stock actual\"]}}]',16,1),(261,'2024-01-19 18:26:12.834485','446','2019230789@unfv.edu.pe - DEVUELTO',2,'[{\"changed\": {\"fields\": [\"Fecha devolucion confirmada\", \"Estado prestamo\"]}}]',12,1),(262,'2024-01-19 18:28:35.123811','446','2019230789@unfv.edu.pe - DEVUELTO',2,'[]',12,1),(263,'2024-01-19 18:29:25.088350','26','Desarrollo de Aplicaciones Móviles con React Native',2,'[{\"changed\": {\"fields\": [\"Tipo\"]}}]',9,1),(264,'2024-01-19 18:29:27.675828','16','9012345678 - Desarrollo de Aplicaciones Móviles con React Native',2,'[]',16,1),(265,'2024-01-19 18:29:46.506457','34','Desarrollo Ágil de Software con Kanban',2,'[{\"changed\": {\"fields\": [\"Tipo\"]}}]',9,1),(266,'2024-01-19 18:29:47.371510','24','7890123456 - Desarrollo Ágil de Software con Kanban',2,'[]',16,1),(267,'2024-01-19 18:30:12.073281','30','Desarrollo Web con Django',2,'[{\"changed\": {\"fields\": [\"Tipo\"]}}]',9,1),(268,'2024-01-19 18:30:13.097145','20','3456789012 - Desarrollo Web con Django',2,'[]',16,1),(269,'2024-01-19 18:30:38.865071','44','Desarrollo de Aplicaciones iOS con Swift',2,'[{\"changed\": {\"fields\": [\"Tipo\"]}}]',9,1),(270,'2024-01-19 18:31:12.654883','33','6789012345 - Desarrollo de Aplicaciones iOS con Swift',2,'[]',16,1),(271,'2024-01-19 18:31:23.937268','56','Desarrollo de Juegos 2D con Unity',2,'[{\"changed\": {\"fields\": [\"Tipo\"]}}]',9,1),(272,'2024-01-19 18:31:46.309725','45','8901234567 - Desarrollo de Juegos 2D con Unity',2,'[]',16,1),(273,'2024-01-19 18:34:12.592104','264','Tecnología Médica: Innovaciones y Desarrollos',2,'[{\"changed\": {\"fields\": [\"Autor\"]}}]',9,1),(274,'2024-01-19 18:34:13.781334','244','3456789012 - Tecnología Médica: Innovaciones y Desarrollos',2,'[]',16,1),(275,'2024-01-19 18:37:05.136651','91','2019230788@unfv.edu.pe',2,'[{\"changed\": {\"fields\": [\"Escuela\", \"Biblioteca\"]}}]',6,1),(276,'2024-01-19 18:37:56.079061','92','2019230790@unfv.edu.pe',1,'[{\"added\": {}}]',6,1),(277,'2024-01-19 18:39:17.259022','92','2019230790@unfv.edu.pe',2,'[{\"changed\": {\"fields\": [\"First name\", \"Last name\", \"Dni\", \"Codigo insti\", \"Celular\", \"Tipo usuario\", \"Email address\", \"Escuela\", \"Biblioteca\"]}}]',6,1),(278,'2024-01-19 18:41:02.919886','92','2019230790@unfv.edu.pe',2,'[{\"changed\": {\"fields\": [\"password\"]}}]',6,1),(279,'2024-01-19 18:42:43.351280','92','2019230790@unfv.edu.pe',2,'[]',6,1),(280,'2024-01-19 20:49:00.927648','2','Sistemas Operativos Modernos',2,'[{\"changed\": {\"fields\": [\"Autor\"]}}]',9,1),(281,'2024-01-19 20:49:02.430995','50','889009000123 - Sistemas Operativos Modernos',2,'[]',16,1),(282,'2024-01-19 20:49:22.595851','10','Sistemas de Gestión de Bases de Datos',2,'[{\"changed\": {\"fields\": [\"Autor\"]}}]',9,1),(283,'2024-01-19 20:49:23.691601','58','3456789012 - Sistemas de Gestión de Bases de Datos',2,'[]',16,1),(284,'2024-01-19 20:56:27.846833','10','Sistemas de Gestión de Bases de Datos',2,'[{\"changed\": {\"fields\": [\"Imagen\"]}}]',9,1),(285,'2024-01-19 20:56:29.335032','58','3456789012 - Sistemas de Gestión de Bases de Datos',2,'[]',16,1);
/*!40000 ALTER TABLE `django_admin_log` ENABLE KEYS */;
UNLOCK TABLES;

--
-- Table structure for table `django_content_type`
--

DROP TABLE IF EXISTS `django_content_type`;
/*!40101 SET @saved_cs_client     = @@character_set_client */;
/*!50503 SET character_set_client = utf8mb4 */;
CREATE TABLE `django_content_type` (
  `id` int NOT NULL AUTO_INCREMENT,
  `app_label` varchar(100) NOT NULL,
  `model` varchar(100) NOT NULL,
  PRIMARY KEY (`id`),
  UNIQUE KEY `django_content_type_app_label_model_76bd3d3b_uniq` (`app_label`,`model`)
) ENGINE=InnoDB AUTO_INCREMENT=22 DEFAULT CHARSET=utf8mb4 COLLATE=utf8mb4_0900_ai_ci;
/*!40101 SET character_set_client = @saved_cs_client */;

--
-- Dumping data for table `django_content_type`
--

LOCK TABLES `django_content_type` WRITE;
/*!40000 ALTER TABLE `django_content_type` DISABLE KEYS */;
INSERT INTO `django_content_type` VALUES (17,'actividades','actividad'),(20,'actividades','estado'),(19,'actividades','modalidad'),(18,'actividades','tipo'),(1,'admin','logentry'),(3,'auth','group'),(2,'auth','permission'),(7,'autores','autor'),(15,'bibliotecas','biblioteca'),(4,'contenttypes','contenttype'),(9,'documentos','documento'),(8,'documentos','tipo'),(14,'escuelas','escuela'),(13,'facultades','facultad'),(10,'idiomas','idioma'),(16,'inventarios','inventario'),(21,'ponentes','ponente'),(12,'prestamos','prestamo'),(5,'sessions','session'),(11,'tipos_usuarios','tipousuario'),(6,'users','user');
/*!40000 ALTER TABLE `django_content_type` ENABLE KEYS */;
UNLOCK TABLES;

--
-- Table structure for table `django_migrations`
--

DROP TABLE IF EXISTS `django_migrations`;
/*!40101 SET @saved_cs_client     = @@character_set_client */;
/*!50503 SET character_set_client = utf8mb4 */;
CREATE TABLE `django_migrations` (
  `id` bigint NOT NULL AUTO_INCREMENT,
  `app` varchar(255) NOT NULL,
  `name` varchar(255) NOT NULL,
  `applied` datetime(6) NOT NULL,
  PRIMARY KEY (`id`)
) ENGINE=InnoDB AUTO_INCREMENT=33 DEFAULT CHARSET=utf8mb4 COLLATE=utf8mb4_0900_ai_ci;
/*!40101 SET character_set_client = @saved_cs_client */;

--
-- Dumping data for table `django_migrations`
--

LOCK TABLES `django_migrations` WRITE;
/*!40000 ALTER TABLE `django_migrations` DISABLE KEYS */;
INSERT INTO `django_migrations` VALUES (1,'tipos_usuarios','0001_initial','2023-12-18 09:41:09.802440'),(2,'facultades','0001_initial','2023-12-18 09:41:09.821992'),(3,'escuelas','0001_initial','2023-12-18 09:41:09.869314'),(4,'bibliotecas','0001_initial','2023-12-18 09:41:09.910392'),(5,'contenttypes','0001_initial','2023-12-18 09:41:09.937763'),(6,'contenttypes','0002_remove_content_type_name','2023-12-18 09:41:09.973066'),(7,'auth','0001_initial','2023-12-18 09:41:10.100833'),(8,'auth','0002_alter_permission_name_max_length','2023-12-18 09:41:10.129425'),(9,'auth','0003_alter_user_email_max_length','2023-12-18 09:41:10.135934'),(10,'auth','0004_alter_user_username_opts','2023-12-18 09:41:10.140967'),(11,'auth','0005_alter_user_last_login_null','2023-12-18 09:41:10.147448'),(12,'auth','0006_require_contenttypes_0002','2023-12-18 09:41:10.150485'),(13,'auth','0007_alter_validators_add_error_messages','2023-12-18 09:41:10.156963'),(14,'auth','0008_alter_user_username_max_length','2023-12-18 09:41:10.162226'),(15,'auth','0009_alter_user_last_name_max_length','2023-12-18 09:41:10.168562'),(16,'auth','0010_alter_group_name_max_length','2023-12-18 09:41:10.190236'),(17,'auth','0011_update_proxy_permissions','2023-12-18 09:41:10.201755'),(18,'auth','0012_alter_user_first_name_max_length','2023-12-18 09:41:10.209310'),(19,'users','0001_initial','2023-12-18 09:41:10.497872'),(20,'admin','0001_initial','2023-12-18 09:41:10.573077'),(21,'admin','0002_logentry_remove_auto_add','2023-12-18 09:41:10.582889'),(22,'admin','0003_logentry_add_action_flag_choices','2023-12-18 09:41:10.591407'),(23,'autores','0001_initial','2023-12-18 09:41:10.604299'),(24,'documentos','0001_initial','2023-12-18 09:41:10.696304'),(25,'inventarios','0001_initial','2023-12-18 09:41:10.768687'),(26,'idiomas','0001_initial','2023-12-18 09:41:10.781208'),(27,'documentos','0002_initial','2023-12-18 09:41:10.887171'),(28,'prestamos','0001_initial','2023-12-18 09:41:11.009243'),(29,'prestamos','0002_initial','2023-12-18 09:41:11.059446'),(30,'sessions','0001_initial','2023-12-18 09:41:11.082441'),(31,'prestamos','0003_remove_prestamo_documento','2023-12-18 09:58:15.318088'),(32,'users','0002_alter_user_image','2024-01-06 07:02:32.685946');
/*!40000 ALTER TABLE `django_migrations` ENABLE KEYS */;
UNLOCK TABLES;

--
-- Table structure for table `django_session`
--

DROP TABLE IF EXISTS `django_session`;
/*!40101 SET @saved_cs_client     = @@character_set_client */;
/*!50503 SET character_set_client = utf8mb4 */;
CREATE TABLE `django_session` (
  `session_key` varchar(40) NOT NULL,
  `session_data` longtext NOT NULL,
  `expire_date` datetime(6) NOT NULL,
  PRIMARY KEY (`session_key`),
  KEY `django_session_expire_date_a5c62663` (`expire_date`)
) ENGINE=InnoDB DEFAULT CHARSET=utf8mb4 COLLATE=utf8mb4_0900_ai_ci;
/*!40101 SET character_set_client = @saved_cs_client */;

--
-- Dumping data for table `django_session`
--

LOCK TABLES `django_session` WRITE;
/*!40000 ALTER TABLE `django_session` DISABLE KEYS */;
INSERT INTO `django_session` VALUES ('mhhnhd194kyvolazusnesu02rfo7p78h','.eJxVjEEOwiAQRe_C2hDoUASX7j0DGWZAqgaS0q6Md7dNutDtf-_9twi4LiWsPc1hYnERWpx-t4j0THUH_MB6b5JaXeYpyl2RB-3y1ji9rof7d1Cwl632kJWOI4NyGoEhKToPBsBFZbN2mb1mu3GvcUC04CgZcEYlS0hgRvH5AtA9N44:1rFAZl:qxwq8gJ6VzJuoeo_7UZBhVMji0gi7R0IBeeCaBCR-9Y','2024-01-01 10:10:17.861013'),('sx7ags8nara475b219e5yhh84lo7kjy8','.eJxVjEEOwiAQRe_C2hDoUASX7j0DGWZAqgaS0q6Md7dNutDtf-_9twi4LiWsPc1hYnERWpx-t4j0THUH_MB6b5JaXeYpyl2RB-3y1ji9rof7d1Cwl632kJWOI4NyGoEhKToPBsBFZbN2mb1mu3GvcUC04CgZcEYlS0hgRvH5AtA9N44:1rQxW4:l5cYNCEXERtsSmxWDVvlYJeU1et6cplKHP_EiICXecs','2024-02-02 22:39:12.616020');
/*!40000 ALTER TABLE `django_session` ENABLE KEYS */;
UNLOCK TABLES;

--
-- Table structure for table `documentos`
--

DROP TABLE IF EXISTS `documentos`;
/*!40101 SET @saved_cs_client     = @@character_set_client */;
/*!50503 SET character_set_client = utf8mb4 */;
CREATE TABLE `documentos` (
  `id` bigint NOT NULL AUTO_INCREMENT,
  `titulo` varchar(100) NOT NULL,
  `isbn` varchar(13) NOT NULL,
  `anio_publicacion` date NOT NULL,
  `descripcion` longtext NOT NULL,
  `cod_barras` varchar(50) NOT NULL,
  `imagen` varchar(100) DEFAULT NULL,
  `idioma_id` bigint NOT NULL,
  `tipo_id` bigint NOT NULL,
  PRIMARY KEY (`id`),
  KEY `documentos_idioma_id_0c29aaff_fk_idiomas_id` (`idioma_id`),
  KEY `documentos_tipo_id_ffca16f3_fk_tipos_documentos_id` (`tipo_id`),
  CONSTRAINT `documentos_idioma_id_0c29aaff_fk_idiomas_id` FOREIGN KEY (`idioma_id`) REFERENCES `idiomas` (`id`),
  CONSTRAINT `documentos_tipo_id_ffca16f3_fk_tipos_documentos_id` FOREIGN KEY (`tipo_id`) REFERENCES `tipos_documentos` (`id`)
) ENGINE=InnoDB AUTO_INCREMENT=281 DEFAULT CHARSET=utf8mb4 COLLATE=utf8mb4_0900_ai_ci;
/*!40101 SET character_set_client = @saved_cs_client */;

--
-- Dumping data for table `documentos`
--

LOCK TABLES `documentos` WRITE;
/*!40000 ALTER TABLE `documentos` DISABLE KEYS */;
INSERT INTO `documentos` VALUES (1,'Libro de Python','1231231231231','2005-11-07','El libro trata sobre Pytthon','889009001010','documentos/python-book_ypN6n3l.jpg',1,1),(2,'Sistemas Operativos Modernos','9788420618760','2005-11-07','Libro sobre los sistemas operativos','889009000123','documentos/andrew_cZxWGra.jpg',1,1),(3,'Libro de JavaScript & JQuery','9568150618123','2019-07-11','Libro sobre JavaScript','889009000124','documentos/js_aB1Q9Nt.jpg',1,1),(4,'Learning React: A Hands-on Guide to Building Maintainable','9781984390820','2018-11-07','As far as new web frameworks and libraries go, React is quite the runaway success. It not only deals with the most common problems developers face when building complex apps.','889009001125','documentos/react1.jpg',2,1),(5,'Sistemas Operativos','9336450618762','1999-11-07','Artículo de sistemas operativos','889009001211','documentos/artsistem_TrVtsQv.jpg',1,2),(6,'Metodología de la Investigación','9788420618760','2005-11-07','Libro sobre la Metodología de la Investigación','889009001412','documentos/sampieri_gLjyBOW.jpg',1,1),(7,'Inteligencia Artificial','9788420618760','2019-07-11','Libro sobre Inteligencia artificial','889009001875','documentos/inteli_2Q9ZM5W.jpg',1,1),(8,'Node.js the Right Way: Practical, Server-Side JavaScript That Scales','9781937785734','2005-11-07','Get to the forefront of server-side JavaScript programming by writing compact, robust, fast, networked Node applications that scale. Ready to take JavaScript beyond the browser, explore dynamic languages features and embrace evented programming? Explore the fun, growing repository of Node modules provided by npm. Work with multiple protocols, load-balanced RESTful web services, express, 0MQ, Redis, CouchDB, and more. Develop production-grade Node applications fast.','1937785734','',2,1),(9,'Clean Code: Un Manual de la Artesanía del Software Ágil','9780132350884','2008-08-11','Libro sobre prácticas de codificación limpia en el desarrollo de software.','2345678901',NULL,1,1),(10,'Sistemas de Gestión de Bases de Datos','9780072465631','2002-08-06','Un enfoque completo sobre sistemas de gestión de bases de datos.','3456789012','documentos/basededatos.jpg',1,2),(11,'Curso Rápido de Python','9781593276034','2015-11-30','Introducción rápida y práctica a la programación en Python.','4567890123',NULL,2,1),(12,'The Pragmatic Programmer: Tu Viaje hacia la Maestría','9780135957059','2019-11-06','Consejos y técnicas prácticas para mejorar como programador.','5678901234',NULL,2,1),(13,'Patrones de Diseño: Elementos de Software','9780201633610','1994-10-31','Clásico sobre patrones de diseño en la programación orientada a objetos.','6789012345','',3,1),(14,'Introducción a los Algoritmos','9780262043089','2009-07-31','Fundamentos de algoritmos y estructuras de datos.','7890123456',NULL,4,2),(15,'The Web Application Hacker\'s Handbook','9781118052902','2011-09-27','Guía para entender las vulnerabilidades de seguridad en aplicaciones web.','8901234567',NULL,5,2),(16,'Aprendiendo Java desde Cero','9780596009205','2005-02-09','Introducción a la programación en Java utilizando un enfoque visual y práctico.','9012345678',NULL,1,1),(17,'Spring en Acción','9781617291206','2020-09-30','Guía práctica para desarrollar aplicaciones Java con el framework Spring.','0123456789',NULL,2,1),(18,'El Lenguaje de Programación C','9780131103627','1978-02-22','Un clásico sobre programación en el lenguaje C.','1234567890',NULL,6,1),(19,'Fundamentos de Programación en C++','9780133053033','2014-04-10','Libro introductorio a la programación en C++.','2345678901',NULL,1,1),(20,'Base de Datos Avanzadas: Diseño e Implementación','9780321197849','2005-12-12','Enfoque avanzado sobre diseño e implementación de bases de datos.','3456789012',NULL,2,1),(21,'JavaScript: The Good Parts','9780596517748','2008-05-30','Exploración de las buenas prácticas en JavaScript.','4567890123',NULL,2,1),(22,'Machine Learning: A Probabilistic Perspective','9780262018029','2012-08-16','Perspectiva probabilística sobre aprendizaje automático.','5678901234',NULL,2,1),(23,'Desarrollo Ágil con Scrum','9780201720921','2002-10-17','Guía sobre la metodología ágil Scrum en desarrollo de software.','6789012345','documentos/scrum.jpg',1,1),(24,'Algoritmos Genéticos y Programación Evolutiva','9788426722446','1999-09-02','Aplicaciones y conceptos avanzados en algoritmos genéticos.','7890123456',NULL,1,2),(25,'Seguridad en Aplicaciones Web Modernas','9781593273889','2010-09-10','Enfoque práctico para asegurar aplicaciones web en entornos modernos.','8901234567',NULL,2,2),(26,'Desarrollo de Aplicaciones Móviles con React Native','9781491999143','2018-06-12','Guía práctica para el desarrollo de aplicaciones móviles con React Native.','9012345678','documentos/react-native.jpg',2,3),(27,'Introducción a la Inteligencia Artificial','9788448146204','2015-11-25','Conceptos fundamentales en inteligencia artificial.','0123456789',NULL,1,1),(28,'Aprendizaje Profundo con TensorFlow','9781617294436','2017-01-31','Enfoque práctico para implementar redes neuronales profundas con TensorFlow.','1234567890',NULL,2,1),(29,'Ciberseguridad y Ethical Hacking','9788441539943','2021-04-20','Fundamentos y técnicas en ciberseguridad y ethical hacking.','2345678901',NULL,1,2),(30,'Desarrollo Web con Django','9781593275210','2016-07-05','Guía completa para el desarrollo web con el framework Django en Python.','3456789012','documentos/django.jpg',2,8),(31,'Arquitectura de Software Moderna','9781491984309','2018-08-27','Conceptos y principios de la arquitectura de software moderna.','4567890123',NULL,1,1),(32,'Introducción a la Programación Funcional','9788441539936','2020-02-15','Principios y prácticas de la programación funcional en la informática.','5678901234',NULL,1,1),(33,'Diseño de Interfaces de Usuario','9788497712799','2005-03-20','Principios y mejores prácticas en el diseño de interfaces de usuario.','6789012345',NULL,4,1),(34,'Desarrollo Ágil de Software con Kanban','9780984521401','2010-11-05','Aplicación de principios ágiles en el desarrollo de software mediante Kanban.','7890123456','documentos/kanban.jpg',5,2),(35,'Big Data: Principios y Mejores Prácticas','9781617290346','2015-02-10','Exploración de conceptos y mejores prácticas en el manejo de grandes volúmenes de datos.','8901234567',NULL,2,1),(36,'Desarrollo de Videojuegos con Unity','9788441538885','2019-10-08','Guía completa para el desarrollo de videojuegos con el motor Unity.','9012345678','documentos/unity.jpg',1,1),(37,'Programación Concurrente en Java','9780131310096','2005-11-18','Conceptos y prácticas en la programación concurrente utilizando Java.','0123456789',NULL,1,1),(38,'Blockchain: Principios y Aplicaciones','9781491924549','2016-02-19','Exploración de principios y aplicaciones de la tecnología blockchain.','1234567890',NULL,2,1),(39,'Introducción a la Realidad Virtual','9788441537345','2018-09-28','Conceptos fundamentales y aplicaciones de la realidad virtual.','2345678901',NULL,1,1),(40,'Desarrollo de Aplicaciones Escalables en la Nube','9781491946008','2017-05-15','Principios y prácticas para desarrollar aplicaciones escalables en entornos de nube.','3456789012',NULL,2,1),(41,'Programación en Rust','9788494146814','2018-12-03','Introducción y prácticas en programación en el lenguaje Rust.','4567890123',NULL,1,1),(42,'Deep Learning for Computer Vision','9781788295628','2018-06-29','Aplicaciones prácticas de aprendizaje profundo en visión por computadora.','5678901234',NULL,2,1),(44,'Desarrollo de Aplicaciones iOS con Swift','9789876543210','2022-03-14','Guía práctica para el desarrollo de aplicaciones iOS con Swift.','6789012345','documentos/ios.jpg',2,7),(45,'Redes Neuronales Recurrentes: Teoría y Aplicaciones','9788493900450','2019-08-15','Exploración teórica y aplicaciones prácticas de redes neuronales recurrentes.','7890123456',NULL,1,1),(46,'Desarrollo de Aplicaciones para la Internet de las Cosas (IoT)','9788416470054','2017-11-22','Principios y prácticas para desarrollar aplicaciones para IoT.','8901234567','documentos/iot.jpg',1,1),(47,'Seguridad en Redes Informáticas','9788441539622','2021-02-08','Principios y técnicas para garantizar la seguridad en redes informáticas.','9012345678',NULL,1,2),(48,'Diseño de Sistemas Distribuidos','9788499986710','2020-05-18','Conceptos y prácticas en el diseño de sistemas distribuidos.','0123456789',NULL,2,1),(49,'Programación en Scala','9788441538458','2016-12-01','Introducción y prácticas en programación en el lenguaje Scala.','1234567890',NULL,1,1),(50,'Inteligencia Artificial Ética','9788499988721','2021-09-30','Exploración de principios éticos en la inteligencia artificial.','2345678901',NULL,4,1),(51,'Diseño Responsivo para la Web Moderna','9788441536676','2015-05-11','Principios y prácticas en el diseño responsivo para sitios web.','3456789012',NULL,2,1),(52,'Seguridad en Aplicaciones Móviles','9788441533347','2014-07-25','Enfoque práctico para asegurar aplicaciones móviles.','4567890123',NULL,1,2),(53,'Desarrollo de Videojuegos en Realidad Virtual','9788499984310','2019-03-08','Guía completa para el desarrollo de videojuegos en entornos de realidad virtual.','5678901234','documentos/unity2.jpg',1,1),(54,'Programación Orientada a Objetos con C#','9788426724198','2020-11-16','Conceptos y prácticas en la programación orientada a objetos con C#.','6789012345',NULL,3,1),(55,'Machine Learning Interpretability','9780367028273','2020-02-28','Understanding and visualizing machine learning models.','7890123456',NULL,2,1),(56,'Desarrollo de Juegos 2D con Unity','9789876543211','2023-01-20','Guía práctica para el desarrollo de juegos 2D con el motor Unity.','8901234567','documentos/unity3.jpg',2,4),(57,'Introducción a la Criptografía','9788441538243','2017-06-05','Conceptos básicos y aplicaciones prácticas en criptografía.','9012345678',NULL,1,1),(58,'Desarrollo de Aplicaciones con Angular','9789874563211','2021-07-10','Guía completa para el desarrollo de aplicaciones web con el framework Angular.','0123456789','documentos/angular.jpg',2,1),(59,'Redes de Computadoras: Principios y Prácticas','9780134870484','2020-09-15','Conceptos fundamentales y aplicaciones prácticas en redes de computadoras.','1234567890',NULL,2,1),(60,'Principios de Microeconomía','9786074819862','2019-03-10','Conceptos fundamentales en microeconomía y toma de decisiones económicas.','2345678901',NULL,1,1),(61,'Macroeconomía: Teoría y Política','9788441535181','2021-01-05','Estudio de la macroeconomía desde una perspectiva teórica y práctica.','3456789012',NULL,1,1),(62,'Economía Internacional: Teoría y Política','9786074819879','2020-09-20','Análisis de las relaciones económicas internacionales y políticas comerciales.','4567890123',NULL,1,1),(63,'Estadística Aplicada a la Economía','9788441535266','2018-07-12','Aplicación de técnicas estadísticas en el análisis económico y toma de decisiones.','5678901234',NULL,2,1),(64,'Economía del Desarrollo Sostenible','9788441535273','2017-12-18','Exploración de modelos económicos para el desarrollo sostenible.','6789012345',NULL,1,2),(65,'Finanzas Corporativas: Principios y Aplicaciones','9788441539981','2022-05-25','Principios y aplicaciones prácticas en finanzas corporativas.','7890123456',NULL,1,1),(66,'Marketing Estratégico','9786074819992','2019-08-30','Enfoque estratégico en el desarrollo de estrategias de marketing.','8901234567',NULL,1,1),(67,'Contabilidad Gerencial','9788441541540','2020-02-15','Principios y técnicas en contabilidad gerencial para la toma de decisiones.','9012345678',NULL,1,1),(68,'Economía Ambiental','9788441535401','2018-06-01','Exploración de la relación entre economía y medio ambiente.','0123456789',NULL,1,2),(69,'Comercio Internacional y Políticas Comerciales','9788441541267','2021-03-10','Análisis de las políticas comerciales y su impacto en el comercio internacional.','1234567890',NULL,2,1),(70,'Análisis Económico Financiero','9786074819886','2017-10-22','Evaluación financiera de proyectos y análisis de estados financieros.','2345678901',NULL,1,1),(71,'Economía de la Innovación','9788441535524','2019-12-05','Exploración de la relación entre economía y procesos innovadores.','3456789012',NULL,1,2),(72,'Teoría de Juegos en Economía','9788441539836','2020-08-15','Aplicaciones de la teoría de juegos en la toma de decisiones económicas.','4567890123',NULL,1,1),(73,'Economía del Comportamiento','9786074819756','2018-04-18','Estudio de la influencia del comportamiento humano en las decisiones económicas.','5678901234',NULL,1,1),(74,'Auditoría y Control Interno','9788441535555','2021-07-30','Principios y prácticas en auditoría y control interno de organizaciones.','6789012345',NULL,1,1),(75,'Econometría Aplicada','9788441539943','2022-01-12','Aplicaciones prácticas de la econometría en el análisis económico.','7890123456',NULL,1,2),(76,'Planificación Financiera Personal','9788441540154','2019-05-30','Guía práctica para la planificación financiera personal y toma de decisiones.','8901234567',NULL,2,1),(77,'Desarrollo Económico y Sostenibilidad','9788441535273','2017-11-15','Exploración de modelos económicos para el desarrollo sostenible.','9012345678',NULL,1,2),(78,'Riesgo y Rentabilidad en Inversiones','9786074819886','2016-09-25','Análisis de riesgo y rentabilidad en decisiones de inversión.','0123456789',NULL,1,1),(79,'Economía de la Salud','9788441535435','2021-04-08','Estudio de la economía aplicada al sector de la salud y políticas sanitarias.','1234567890',NULL,1,1),(80,'Gestión de Proyectos Financieros','9788441540093','2020-03-18','Principios y prácticas en la gestión de proyectos financieros.','2345678901',NULL,1,1),(81,'Liderazgo Organizacional','9786074819770','2018-10-10','Desarrollo de habilidades de liderazgo para la gestión organizacional.','3456789012',NULL,1,1),(82,'Gestión Estratégica de Recursos Humanos','9788441535145','2019-07-05','Enfoque estratégico en la gestión de recursos humanos en las organizaciones.','4567890123',NULL,1,2),(83,'Marketing Digital: Estrategias y Tácticas','9788441540116','2021-01-28','Principios y tácticas en marketing digital para la promoción de productos y servicios.','5678901234',NULL,1,1),(84,'Contabilidad de Costos','9788441535401','2017-11-10','Principios y prácticas en contabilidad de costos para la toma de decisiones empresariales.','6789012345',NULL,1,1),(85,'Gestión Financiera Empresarial','9788441540123','2020-05-20','Principios y técnicas en la gestión financiera de empresas.','7890123456',NULL,1,1),(86,'Negociación y Resolución de Conflictos','9786074819893','2018-04-15','Desarrollo de habilidades de negociación y resolución efectiva de conflictos.','8901234567',NULL,1,2),(87,'Emprendimiento y Desarrollo de Negocios','9788441540130','2019-09-08','Principios y prácticas en el emprendimiento y desarrollo de nuevos negocios.','9012345678',NULL,2,1),(88,'Estrategia Empresarial','9788441535152','2017-02-22','Desarrollo de estrategias empresariales para la competitividad en el mercado.','0123456789',NULL,1,1),(89,'Gestión de la Calidad Total','9788441540147','2021-06-15','Principios y prácticas en la implementación de sistemas de gestión de calidad total.','1234567890',NULL,1,1),(90,'Planificación Estratégica Empresarial','9788441535169','2018-08-30','Desarrollo de planes estratégicos para el crecimiento y desarrollo empresarial.','2345678901',NULL,1,2),(91,'Comunicación Organizacional','9786074819961','2019-12-12','Principios y técnicas en la comunicación efectiva dentro de las organizaciones.','3456789012',NULL,1,1),(92,'Gestión de Proyectos','9788441540154','2020-02-05','Principios y prácticas en la gestión efectiva de proyectos empresariales.','4567890123',NULL,1,1),(93,'Dirección Estratégica de Recursos Humanos','9788441539921','2022-03-08','Enfoque estratégico en la dirección de recursos humanos en las organizaciones.','5678901234',NULL,1,1),(94,'Responsabilidad Social Empresarial','9788441540161','2019-05-10','Principios y prácticas en la implementación de programas de responsabilidad social empresarial.','6789012345',NULL,1,2),(95,'Gestión de la Cadena de Suministro','9788441539938','2022-01-20','Principios y técnicas en la gestión eficiente de la cadena de suministro.','7890123456',NULL,2,1),(96,'Desarrollo Organizacional','9786074819992','2020-09-25','Enfoque en el desarrollo y cambio organizacional para mejorar la eficiencia.','8901234567',NULL,1,1),(97,'Ética Empresarial','9788441540178','2020-12-18','Exploración de principios éticos en el contexto empresarial.','9012345678',NULL,1,1),(98,'Gestión de la Innovación','9788441539943','2022-02-15','Principios y prácticas en la gestión de la innovación en las organizaciones.','0123456789',NULL,1,2),(99,'Análisis de Decisiones Empresariales','9788441539950','2022-03-30','Aplicación de técnicas de análisis en la toma de decisiones empresariales.','1234567890',NULL,2,1),(100,'Desarrollo de Habilidades Directivas','9786074819886','2019-08-10','Desarrollo de habilidades directivas para el liderazgo efectivo en las organizaciones.','2345678901',NULL,1,1),(101,'Derecho de la Tecnología de la Información','9788441540284','2021-03-15','Normativas y principios legales en el ámbito del derecho de la tecnología de la información.','2345678901',NULL,1,1),(102,'Derecho de la Energía','9788441535258','2019-10-22','Normativas y principios legales relacionados con el derecho de la energía y recursos naturales.','3456789012',NULL,2,1),(103,'Derecho Bancario','9788441540291','2020-05-05','Normativas y principios legales en el ámbito del derecho bancario y financiero.','4567890123',NULL,3,1),(104,'Derecho del Trabajo y Seguridad Laboral','9788441535319','2018-12-28','Estudio de las leyes laborales y sistemas de seguridad laboral en diferentes contextos.','5678901234',NULL,4,2),(105,'Derecho de las Telecomunicaciones','9788441540307','2022-02-10','Normativas y principios legales en el ámbito del derecho de las telecomunicaciones.','6789012345',NULL,5,1),(106,'Derecho de la Propiedad Intelectual y Nuevas Tecnologías','9786074819886','2019-07-30','Normativas y principios legales relacionados con la propiedad intelectual y las nuevas tecnologías.','7890123456',NULL,6,1),(107,'Derecho Urbanístico','9788441540314','2021-11-18','Normativas y principios legales en el ámbito del derecho urbanístico y ordenación del territorio.','8901234567',NULL,7,2),(108,'Derecho de la Moda','9788441539921','2020-01-25','Normativas y principios legales en el ámbito del derecho de la moda y propiedad industrial.','9012345678',NULL,1,1),(109,'Derecho de la Publicidad','9788441540321','2020-04-10','Normativas y principios legales en el ámbito del derecho de la publicidad y protección del consumidor.','0123456789',NULL,2,1),(110,'Derecho de la Ciberseguridad','9788441539938','2021-09-15','Normativas y principios legales en el ámbito del derecho de la ciberseguridad y protección de datos.','1234567890',NULL,3,1),(111,'Derecho de la Responsabilidad Civil','9788441540338','2020-06-28','Estudio de las normativas y principios legales en el ámbito de la responsabilidad civil.','2345678901',NULL,4,2),(112,'Derecho del Deporte','9788441539945','2019-03-20','Normativas y principios legales en el ámbito del derecho deportivo y relaciones jurídicas en el deporte.','3456789012',NULL,5,1),(113,'Derecho de la Alimentación','9788441540345','2022-01-10','Normativas y principios legales en el ámbito del derecho de la alimentación y regulación alimentaria.','4567890123',NULL,6,1),(114,'Derecho del Entretenimiento','9786074819992','2019-08-18','Normativas y principios legales en el ámbito del derecho del entretenimiento y propiedad intelectual.','5678901234',NULL,7,2),(115,'Derecho de la Propiedad Industrial','9788441535470','2017-07-12','Normativas y principios legales en el ámbito del derecho de la propiedad industrial.','6789012345',NULL,1,1),(116,'Derecho de la Publicación Digital','9788441540352','2020-09-28','Normativas y principios legales en el ámbito del derecho de la publicación digital y medios online.','7890123456',NULL,2,1),(117,'Derecho de la Salud Mental','9788441535487','2018-04-15','Normativas y principios legales en el ámbito del derecho de la salud mental y bioética.','8901234567',NULL,3,1),(118,'Derecho del Medio Ambiente','9788441540369','2021-02-15','Normativas y principios legales en el ámbito del derecho del medio ambiente y sostenibilidad.','9012345678',NULL,4,2),(119,'Derecho de la Inteligencia Artificial','9788441539911','2020-07-10','Normativas y principios legales en el ámbito del derecho de la inteligencia artificial y ética digital.','0123456789',NULL,5,1),(120,'Derecho de la Navegación Marítima','9788441540376','2019-10-30','Normativas y principios legales en el ámbito del derecho de la navegación marítima y legislación marítima internacional.','1234567890',NULL,6,1),(141,'Pedagogía del Siglo XXI: Enfoques Innovadores','9788441540383','2020-08-15','Exploración de enfoques innovadores en la pedagogía del siglo XXI.','2345678901',NULL,1,1),(142,'Estrategias de Enseñanza-Aprendizaje','9788441535302','2019-11-10','Desarrollo de estrategias efectivas para la enseñanza y aprendizaje.','3456789012',NULL,2,1),(143,'Psicología Educativa: Teorías y Aplicaciones','9788441540390','2020-04-20','Estudio de teorías psicológicas aplicadas a la educación.','4567890123',NULL,3,1),(144,'Innovación Educativa con Tecnologías Emergentes','9788441535319','2018-12-01','Exploración de las tecnologías emergentes en la innovación educativa.','5678901234',NULL,4,2),(145,'Diseño Curricular: Enfoques Prácticos','9788441540406','2021-02-28','Desarrollo de enfoques prácticos para el diseño curricular.','6789012345',NULL,5,1),(146,'Didáctica de las Ciencias Naturales','9788441535326','2019-05-15','Enfoques didácticos para la enseñanza de las ciencias naturales.','7890123456',NULL,6,1),(147,'Educación Inclusiva: Principios y Prácticas','9788441540413','2020-09-10','Principios y prácticas de la educación inclusiva en diversos contextos.','8901234567',NULL,1,2),(148,'Gestión Educativa: Estrategias y Desafíos','9788441535333','2018-06-25','Estrategias y desafíos en la gestión educativa en instituciones educativas.','9012345678',NULL,2,1),(149,'Evaluación del Aprendizaje: Modelos y Métodos','9788441540420','2021-01-05','Modelos y métodos de evaluación del aprendizaje en procesos educativos.','0123456789',NULL,3,1),(150,'Teorías del Aprendizaje','9788441535145','2017-09-20','Estudio de diversas teorías del aprendizaje aplicadas a la educación.','2345678901',NULL,4,2),(151,'Orientación Vocacional y Profesional','9788441540437','2019-08-08','Orientación vocacional y profesional para estudiantes en proceso de elección.','3456789012',NULL,5,1),(152,'Educación a Distancia: Enfoques y Tecnologías','9788441535350','2018-02-15','Enfoques y tecnologías aplicadas a la educación a distancia.','4567890123',NULL,6,1),(153,'Neurociencia y Educación','9788441540444','2020-11-30','Exploración de la relación entre la neurociencia y la educación.','5678901234',NULL,1,1),(154,'Educación Artística: Desarrollo Creativo','9788441535367','2020-04-12','Desarrollo de la creatividad a través de la educación artística.','6789012345',NULL,2,1),(155,'Educación Ambiental: Prácticas Sostenibles','9788441540451','2019-07-15','Prácticas educativas para promover la sostenibilidad ambiental.','7890123456',NULL,3,1),(156,'Aprendizaje Basado en Proyectos','9788441535374','2017-11-22','Implementación del aprendizaje basado en proyectos en entornos educativos.','8901234567',NULL,4,2),(157,'Didáctica de la Lengua y Literatura','9788441540468','2018-12-05','Enfoques didácticos para la enseñanza de la lengua y literatura.','9012345678',NULL,5,1),(158,'Educación Física: Desarrollo Integral','9788441539911','2020-08-25','Desarrollo integral a través de la educación física y el deporte.','0123456789',NULL,6,1),(159,'Educación Musical: Enfoques Innovadores','9788441540475','2019-04-18','Exploración de enfoques innovadores en la educación musical.','2345678901',NULL,1,1),(160,'Psicopedagogía: Diagnóstico y Intervención','9788441539921','2020-12-10','Diagnóstico y estrategias de intervención en psicopedagogía.','3456789012',NULL,2,1),(161,'Historia del Arte: Desde la Prehistoria hasta la Actualidad','9788441540482','2019-11-15','Exploración de la historia del arte desde la prehistoria hasta la actualidad.','4567890123',NULL,3,1),(162,'Filosofía Contemporánea: Principales Corrientes','9788441535302','2018-08-01','Estudio de las principales corrientes filosóficas contemporáneas.','5678901234',NULL,4,2),(163,'Literatura Universal: Grandes Obras y Autores','9788441540499','2021-04-20','Exploración de las grandes obras y autores de la literatura universal.','6789012345',NULL,5,1),(164,'Historia Antigua: Civilizaciones y Culturas','9788441535319','2020-10-10','Estudio de las civilizaciones y culturas en la historia antigua.','7890123456',NULL,6,1),(165,'Lingüística Aplicada: Teoría y Práctica','9788441540505','2019-02-28','Teoría y práctica de la lingüística aplicada en diversos contextos.','8901234567',NULL,1,1),(166,'Arqueología: Métodos y Descubrimientos','9788441535326','2018-05-15','Métodos y descubrimientos en el campo de la arqueología.','9012345678',NULL,2,1),(167,'Antropología Cultural: Perspectivas Contemporáneas','9788441540512','2021-01-05','Perspectivas contemporáneas en el estudio de la antropología cultural.','0123456789',NULL,3,1),(168,'Historia del Mundo: De la Edad Antigua a la Edad Media','9788441535145','2017-09-20','Exploración de la historia del mundo desde la Edad Antigua hasta la Edad Media.','2345678901',NULL,4,2),(169,'Cine y Cultura: Perspectivas Analíticas','9788441540529','2018-12-01','Perspectivas analíticas sobre la relación entre el cine y la cultura.','3456789012',NULL,5,1),(170,'Teatro: Historia y Dramaturgia','9788441535350','2020-03-28','Historia del teatro y estudio de la dramaturgia.','4567890123',NULL,6,1),(171,'Música en el Contexto Histórico y Cultural','9788441540536','2019-07-12','Exploración de la música en diversos contextos históricos y culturales.','5678901234',NULL,1,1),(172,'Teoría de la Comunicación: Enfoques Contemporáneos','9788441535367','2018-11-15','Enfoques contemporáneos en la teoría de la comunicación.','6789012345',NULL,2,1),(173,'Estudios Culturales: Perspectivas Críticas','9788441540543','2020-07-10','Perspectivas críticas en los estudios culturales.','7890123456',NULL,3,1),(174,'Ética y Filosofía Moral: Dilemas Contemporáneos','9788441535374','2019-04-18','Dilemas contemporáneos en ética y filosofía moral.','8901234567',NULL,4,2),(175,'Psicología Social: Dinámicas y Procesos','9788441540550','2017-11-22','Dinámicas y procesos en la psicología social.','9012345678',NULL,5,1),(176,'Arte y Tecnología: Explorando Nuevas Formas','9788441539911','2020-08-25','Exploración de la intersección entre arte y tecnología.','0123456789',NULL,6,1),(177,'Historia del Pensamiento Político','9788441540567','2019-04-12','Exploración de la historia del pensamiento político en el contexto global.','2345678901',NULL,1,1),(178,'Estudios de Género: Perspectivas Actuales','9788441539921','2020-12-10','Perspectivas actuales en los estudios de género y feminismos.','3456789012',NULL,2,1),(179,'Crítica Literaria: Enfoques Contemporáneos','9788441540574','2021-08-28','Enfoques contemporáneos en la crítica literaria.','4567890123',NULL,3,1),(180,'Historia de la Ciencia: Desarrollo y Transformaciones','9788441539938','2020-03-15','Desarrollo y transformaciones en la historia de la ciencia.','5678901234',NULL,4,2),(181,'Historia de la Arquitectura: Desde la Antigüedad hasta la Actualidad','9788441540581','2019-11-15','Exploración de la historia de la arquitectura desde la antigüedad hasta la actualidad.','6789012345',NULL,1,1),(182,'Diseño Arquitectónico: Principios y Prácticas','9788441535302','2018-08-01','Principios y prácticas en el diseño arquitectónico.','7890123456',NULL,2,1),(183,'Arquitectura Sostenible: Innovación y Eficiencia Energética','9788441540598','2021-04-20','Innovación y eficiencia energética en la arquitectura sostenible.','9012345678',NULL,3,1),(184,'Urbanismo: Planificación y Desarrollo de Ciudades','9788441535319','2020-10-10','Planificación y desarrollo de ciudades en el contexto del urbanismo.','0123456789',NULL,4,2),(185,'Tecnología de la Construcción: Materiales y Métodos','9788441540604','2019-02-28','Materiales y métodos en la tecnología de la construcción.','2345678901',NULL,5,1),(186,'Dibujo Arquitectónico: Técnicas y Representación','9788441535326','2018-05-15','Técnicas y representación en el dibujo arquitectónico.','3456789012',NULL,6,1),(187,'Arquitectura del Paisaje: Diseño y Planificación','9788441540611','2021-01-05','Diseño y planificación en la arquitectura del paisaje.','4567890123',NULL,1,2),(188,'Patrimonio Arquitectónico: Conservación y Restauración','9788441535333','2018-06-25','Conservación y restauración del patrimonio arquitectónico.','5678901234',NULL,2,1),(189,'Arquitectura Efímera: Diseño para Eventos y Exposiciones','9788441540628','2019-08-08','Diseño para eventos y exposiciones en el campo de la arquitectura efímera.','6789012345',NULL,3,1),(190,'Hábitat y Vivienda: Tendencias Contemporáneas','9788441535145','2017-09-20','Tendencias contemporáneas en el hábitat y diseño de viviendas.','7890123456',NULL,4,2),(191,'Arquitectura Vernácula: Tradición y Modernidad','9788441540635','2019-04-18','Exploración de la relación entre la arquitectura vernácula, tradición y modernidad.','8901234567',NULL,5,1),(192,'Innovación en la Arquitectura: Nuevas Tecnologías y Diseño','9788441535350','2020-03-28','Exploración de las nuevas tecnologías y diseño en la innovación arquitectónica.','9012345678',NULL,6,1),(193,'Arquitectura y Medio Ambiente: Integración Sostenible','9788441540642','2020-11-15','Integración sostenible del medio ambiente en proyectos arquitectónicos.','0123456789',NULL,1,1),(194,'Arquitectura Religiosa: Espacios Sacros y Simbolismo','9788441535367','2018-11-15','Exploración de espacios sacros y simbolismo en la arquitectura religiosa.','2345678901',NULL,2,1),(195,'Diseño de Interiores: Conceptos y Aplicaciones','9788441540659','2021-07-01','Conceptos y aplicaciones en el diseño de interiores.','3456789012',NULL,3,1),(196,'Arquitectura y Tecnología: Desafíos Contemporáneos','9788441535374','2019-02-15','Desafíos contemporáneos en la integración de la tecnología en la arquitectura.','4567890123',NULL,4,2),(197,'Arquitectura Industrial: Diseño y Funcionalidad','9788441540666','2020-12-15','Diseño y funcionalidad en la arquitectura industrial.','5678901234',NULL,5,1),(198,'Arquitectura y Sociedad: Reflexiones Críticas','9788441539911','2020-08-25','Reflexiones críticas sobre la relación entre la arquitectura y la sociedad.','6789012345',NULL,6,1),(199,'Arquitectura Deportiva: Diseño y Planificación','9788441540673','2019-04-12','Diseño y planificación de instalaciones deportivas en arquitectura.','7890123456',NULL,1,1),(200,'Arquitectura y Arte: Diálogos y Tendencias','9788441539921','2020-12-10','Diálogos y tendencias en la relación entre la arquitectura y el arte.','8901234567',NULL,2,1),(201,'Diseño Estructural en Ingeniería Civil','9788441540680','2018-09-20','Principios y prácticas en el diseño estructural para proyectos de ingeniería civil.','0123456789',NULL,1,1),(202,'Mecánica de Suelos y Cimentaciones','9788441535302','2019-05-15','Estudio de la mecánica de suelos y diseño de cimentaciones en ingeniería civil.','1234567890',NULL,2,1),(203,'Gestión de Proyectos de Construcción','9788441540697','2021-02-10','Principios y técnicas de gestión de proyectos específicos para la construcción en ingeniería civil.','2345678901',NULL,3,1),(204,'Ingeniería de Tráfico y Transporte','9788441535319','2018-07-01','Estudio de la ingeniería de tráfico y transporte, incluyendo diseño de carreteras y sistemas de transporte público.','3456789012',NULL,4,2),(205,'Hidráulica Aplicada: Diseño de Sistemas Hidráulicos','9788441540703','2019-11-25','Diseño de sistemas hidráulicos aplicados en ingeniería civil.','4567890123',NULL,5,1),(206,'Estructuras Metálicas y de Concreto','9788441535326','2020-04-15','Estudio de las estructuras metálicas y de concreto utilizadas en proyectos de ingeniería civil.','5678901234',NULL,6,1),(207,'Topografía: Aplicaciones en Ingeniería Civil','9788441540710','2018-08-30','Aplicaciones de la topografía en proyectos de ingeniería civil, incluyendo levantamientos y diseño de terreno.','6789012345',NULL,1,2),(208,'Geotecnia: Ingeniería del Terreno','9788441535333','2020-02-05','Aplicación de principios geotécnicos en proyectos de ingeniería civil.','7890123456',NULL,2,1),(209,'Drenaje Urbano: Sistemas y Diseño','9788441540727','2019-10-18','Diseño de sistemas de drenaje urbano para control de aguas pluviales en proyectos de ingeniería civil.','8901234567',NULL,3,1),(210,'Ingeniería Sísmica: Análisis y Diseño','9788441535145','2018-05-15','Análisis y diseño de estructuras resistentes a sismos en ingeniería civil.','9012345678',NULL,4,2),(211,'Planificación Urbana y Regional','9788441540734','2020-11-05','Principios y técnicas de planificación urbana y regional en proyectos de ingeniería civil.','0123456789',NULL,5,1),(212,'Ingeniería Ambiental: Aplicaciones en Obras Civiles','9788441535350','2019-07-20','Aplicaciones de la ingeniería ambiental en obras civiles, incluyendo gestión de residuos y impacto ambiental.','1234567890',NULL,6,1),(213,'Puentes: Diseño y Construcción','9788441540741','2018-04-12','Principios y prácticas en el diseño y construcción de puentes en ingeniería civil.','2345678901',NULL,1,1),(214,'Materiales de Construcción: Propiedades y Aplicaciones','9788441535367','2021-08-15','Estudio de las propiedades y aplicaciones de materiales de construcción utilizados en ingeniería civil.','3456789012',NULL,2,1),(215,'Ingeniería Costera: Diseño y Protección','9788441540758','2019-02-28','Diseño y protección de estructuras costeras en proyectos de ingeniería civil.','4567890123',NULL,3,1),(216,'Infraestructuras de Transporte: Carreteras y Ferrocarriles','9788441535374','2020-07-10','Diseño y planificación de infraestructuras de transporte, incluyendo carreteras y ferrocarriles.','5678901234',NULL,4,2),(217,'Ingeniería de Túneles: Diseño y Construcción','9788441540765','2018-11-15','Diseño y construcción de túneles en proyectos de ingeniería civil.','6789012345',NULL,5,1),(218,'Saneamiento Básico: Diseño de Redes y Tratamiento de Aguas','9788441539911','2020-08-25','Diseño de redes y tratamiento de aguas en proyectos de saneamiento básico.','7890123456',NULL,6,1),(219,'Gestión del Riesgo en Proyectos de Ingeniería Civil','9788441540772','2019-04-18','Principios y técnicas de gestión del riesgo aplicadas a proyectos de ingeniería civil.','8901234567',NULL,1,1),(220,'Innovación en Ingeniería Civil: Tendencias Actuales','9788441539921','2020-12-10','Exploración de las tendencias actuales en la innovación de proyectos de ingeniería civil.','9012345678',NULL,2,1),(221,'Geografía Física: Principios y Aplicaciones','9788441540789','2019-10-20','Principios y aplicaciones de la geografía física, incluyendo estudios de relieve, clima y suelos.','0123456789',NULL,3,1),(222,'Ingeniería Ambiental: Gestión de Residuos','9788441535319','2021-03-15','Gestión de residuos en proyectos de ingeniería ambiental, con enfoque en sostenibilidad y reducción de impacto ambiental.','1234567890',NULL,1,2),(223,'Oceanografía: Explorando los Misterios del Océano','9788441540796','2020-06-01','Exploración de los principios y fenómenos en la oceanografía, incluyendo corrientes marinas y vida marina.','2345678901',NULL,2,1),(224,'Ecoturismo: Desarrollo Sostenible y Conservación','9788441535326','2018-09-10','Desarrollo sostenible y conservación de la biodiversidad en proyectos de ecoturismo.','3456789012',NULL,5,1),(225,'Acuicultura Sostenible: Técnicas y Prácticas','9788441540802','2019-07-20','Técnicas y prácticas en la acuicultura sostenible, incluyendo manejo de especies y conservación de hábitats.','4567890123',NULL,6,1),(226,'Geografía Humana: Dinámicas Sociales y Culturales','9788441535333','2018-04-05','Exploración de las dinámicas sociales y culturales en la geografía humana.','5678901234',NULL,1,1),(227,'Ingeniería Ambiental: Evaluación de Impacto Ambiental','9788441540819','2020-11-15','Evaluación de impacto ambiental en proyectos de ingeniería ambiental, incluyendo estudios de impacto y mitigación.','6789012345',NULL,2,1),(228,'Oceanografía Química: Composición del Agua del Mar','9788441535350','2019-08-30','Estudio de la composición química del agua marina en la oceanografía química.','7890123456',NULL,3,1),(229,'Turismo Sostenible: Prácticas y Desafíos','9788441540826','2018-07-10','Prácticas y desafíos en la implementación del turismo sostenible, con enfoque en la conservación del entorno.','8901234567',NULL,4,2),(230,'Cultivo de Especies Acuáticas: Métodos y Tecnologías','9788441535145','2021-02-25','Métodos y tecnologías en el cultivo de especies acuáticas en proyectos de acuicultura.','9012345678',NULL,5,1),(231,'Geografía Urbana: Dinámicas y Transformaciones','9788441540833','2020-05-15','Dinámicas y transformaciones en la geografía urbana, incluyendo estudios de ciudades y planificación urbana.','0123456789',NULL,6,1),(232,'Ingeniería Ambiental: Agua y Saneamiento','9788441535367','2019-03-18','Gestión del agua y saneamiento en proyectos de ingeniería ambiental, con enfoque en la calidad del agua y prevención de contaminación.','2345678901',NULL,1,1),(233,'Oceanografía Física: Propiedades del Agua del Mar','9788441540840','2018-10-05','Estudio de las propiedades físicas del agua del mar en la oceanografía física.','3456789012',NULL,2,1),(234,'Ecoturismo y Educación Ambiental','9788441535374','2020-09-10','Integración de la educación ambiental en proyectos de ecoturismo, fomentando la conciencia ambiental y la conservación.','4567890123',NULL,2,1),(235,'Gestión Integral de Zonas Costeras','9788441540857','2019-12-01','Enfoque integral en la gestión de zonas costeras, incluyendo conservación, desarrollo sostenible y prevención de impactos ambientales.','5678901234',NULL,4,2),(236,'Acuicultura y Desarrollo Sostenible','9788441539911','2020-06-25','Exploración de prácticas y políticas para el desarrollo sostenible en proyectos de acuicultura.','6789012345',NULL,5,1),(237,'Geografía Política: Conflictos y Relaciones Internacionales','9788441540864','2018-11-20','Análisis de conflictos y relaciones internacionales desde la perspectiva de la geografía política.','7890123456',NULL,6,1),(238,'Ingeniería Ambiental: Energías Renovables','9788441539921','2019-05-15','Aplicación de energías renovables en proyectos de ingeniería ambiental, con enfoque en la sostenibilidad energética.','8901234567',NULL,1,1),(239,'Oceanografía Biológica: Vida Marina y Ecosistemas','9788441540871','2020-03-08','Estudio de la vida marina y ecosistemas en la oceanografía biológica, incluyendo biodiversidad y dinámicas de población.','9012345678',NULL,2,1),(240,'Ecoturismo y Gestión de Áreas Protegidas','9788441539938','2019-09-15','Integración de prácticas de ecoturismo en la gestión de áreas protegidas para la conservación de la biodiversidad.','0123456789',NULL,3,1),(241,'Electrónica Digital: Fundamentos y Aplicaciones','9788441540888','2019-08-20','Principios y aplicaciones de la electrónica digital, abordando conceptos fundamentales y casos prácticos.','0123456789',NULL,2,1),(242,'Álgebra Lineal Avanzada','9788441535381','2020-01-10','Estudio avanzado de álgebra lineal, con enfoque en transformaciones lineales y espacios vectoriales.','1234567890',NULL,1,1),(243,'Química Orgánica Experimental','9788441540895','2018-12-05','Experimentos prácticos y técnicas en química orgánica, abordando síntesis y caracterización de compuestos orgánicos.','2345678901',NULL,3,1),(244,'Electrónica de Potencia: Principios y Aplicaciones','9788441535398','2019-04-30','Principios y aplicaciones de la electrónica de potencia, enfocándose en conversiones de energía eléctrica.','3456789012',NULL,4,2),(245,'Cálculo Multivariable: Teoría y Problemas Resueltos','9788441540901','2020-02-15','Teoría y problemas resueltos en cálculo multivariable, incluyendo derivadas parciales e integrales múltiples.','4567890123',NULL,5,1),(246,'Física Cuántica: Conceptos Básicos','9788441535404','2018-06-20','Introducción a los conceptos básicos de la física cuántica, abordando fenómenos cuánticos y partículas elementales.','5678901234',NULL,6,1),(247,'Ingeniería Eléctrica: Sistemas de Control','9788441540918','2019-11-01','Estudio de sistemas de control en ingeniería eléctrica, incluyendo teoría de control y aplicaciones prácticas.','6789012345',NULL,1,1),(248,'Estadísticas Avanzadas: Modelos y Métodos','9788441535411','2020-07-10','Exploración de modelos y métodos avanzados en estadísticas, con aplicaciones en investigación y análisis de datos.','7890123456',NULL,2,1),(249,'Biología Molecular: Principios y Aplicaciones','9788441540925','2019-03-25','Principios y aplicaciones en biología molecular, abordando la estructura y función de moléculas biológicas.','8901234567',NULL,3,1),(250,'Sistemas Electrónicos: Diseño y Simulación','9788441535428','2018-09-15','Diseño y simulación de sistemas electrónicos, abordando circuitos analógicos y digitales.','9012345678',NULL,4,2),(251,'Análisis Matemático: Teoría y Problemas Resueltos','9788441540932','2020-05-05','Teoría y problemas resueltos en análisis matemático, incluyendo límites, derivadas e integrales.','0123456789',NULL,5,1),(252,'Electrónica de Comunicaciones: Principios y Aplicaciones','9788441535435','2018-12-20','Principios y aplicaciones de la electrónica de comunicaciones, abordando sistemas de modulación y transmisión.','1234567890',NULL,6,1),(253,'Teoría de Números: Conceptos Fundamentales','9788441540949','2019-02-10','Conceptos fundamentales en teoría de números, incluyendo primos, congruencias y teorema de Fermat.','2345678901',NULL,1,1),(254,'Química Analítica Instrumental','9788441535442','2020-08-01','Técnicas y métodos en química analítica instrumental, abordando espectroscopía, cromatografía y técnicas espectrométricas.','3456789012',NULL,2,1),(255,'Electrónica de Potencia: Convertidores y Aplicaciones','9788441540956','2019-05-15','Estudio de convertidores y aplicaciones en electrónica de potencia, enfocándose en sistemas de alimentación.','4567890123',NULL,3,1),(256,'Geometría Diferencial: Conceptos Avanzados','9788441535459','2018-10-30','Conceptos avanzados en geometría diferencial, abordando curvas y superficies en espacios tridimensionales.','5678901234',NULL,4,2),(257,'Ingeniería Biomédica: Aplicaciones y Desarrollos','9788441540963','2020-04-15','Aplicaciones y desarrollos en ingeniería biomédica, incluyendo tecnologías para la salud y dispositivos médicos.','6789012345',NULL,5,1),(258,'Física Estadística: Fundamentos y Aplicaciones','9788441535466','2019-01-10','Fundamentos y aplicaciones de la física estadística, con enfoque en sistemas de partículas y termodinámica estadística.','7890123456',NULL,6,1),(259,'Ecuaciones Diferenciales: Métodos y Aplicaciones','9788441540970','2018-07-25','Métodos y aplicaciones en ecuaciones diferenciales, incluyendo soluciones y modelado de fenómenos naturales.','8901234567',NULL,1,1),(260,'Biología Evolutiva: Principios y Evidencias','9788441535473','2019-06-10','Principios y evidencias en biología evolutiva, abordando teorías y mecanismos evolutivos a través de evidencias paleontológicas y genéticas.','9012345678',NULL,2,1),(261,'Manual de Cirugía General','9788416004557','2020-03-15','Guía completa de técnicas y procedimientos en cirugía general.','0123456789',NULL,1,1),(262,'Psicología Clínica: Teoría y Práctica','9788498350113','2019-08-22','Exploración de teorías y prácticas en psicología clínica.','1234567890',NULL,7,1),(263,'Odontología Estética: Técnicas Modernas','9788416004564','2020-05-02','Técnicas modernas en odontología estética, abordando procedimientos para mejorar la apariencia dental.','2345678901',NULL,1,1),(264,'Tecnología Médica: Innovaciones y Desarrollos','9788498350120','2019-12-10','Exploración de innovaciones y desarrollos en tecnología médica.','3456789012','',1,2),(265,'Neurocirugía: Principios y Prácticas','9788416004571','2018-10-18','Principios y prácticas en el campo de la neurocirugía.','4567890123',NULL,1,1),(266,'Medicina Interna: Enfoque Clínico','9788416004588','2020-08-30','Enfoque clínico de la medicina interna, abordando diagnóstico y tratamiento de enfermedades.','5678901234',NULL,1,1),(267,'Psicopatología: Teoría y Casos Clínicos','9788498350137','2019-07-12','Exploración teórica y casos clínicos en psicopatología.','6789012345',NULL,2,1),(268,'Odontopediatría: Enfoque Preventivo','9788416004595','2020-01-25','Enfoque preventivo en odontopediatría, abordando cuidado dental en niños.','7890123456',NULL,3,1),(269,'Tecnologías Médicas Avanzadas: Aplicaciones Prácticas','9788498350144','2019-04-05','Aplicaciones prácticas de tecnologías médicas avanzadas en el ámbito clínico.','8901234567',NULL,4,2),(270,'Cirugía Cardiovascular: Avances y Desafíos','9788416004601','2018-12-01','Avances y desafíos en el campo de la cirugía cardiovascular.','9012345678',NULL,1,1),(271,'Terapia Cognitivo-Conductual: Métodos y Técnicas','9788498350151','2020-06-15','Métodos y técnicas en terapia cognitivo-conductual, con enfoque en trastornos mentales.','0123456789',NULL,2,1),(272,'Endodoncia: Procedimientos Avanzados','9788416004618','2019-10-20','Procedimientos avanzados en el campo de la endodoncia dental.','1234567890',NULL,1,1),(273,'Biomecánica Aplicada a la Rehabilitación','9788498350168','2018-09-08','Aplicación de la biomecánica en programas de rehabilitación.','2345678901',NULL,1,2),(274,'Farmacología Clínica: Principios y Aplicaciones','9788416004625','2019-03-02','Principios y aplicaciones de la farmacología clínica en el tratamiento de enfermedades.','3456789012',NULL,1,1),(275,'Psicoterapia Breve: Estrategias y Casos','9788498350175','2020-02-12','Estrategias y casos prácticos en psicoterapia breve.','4567890123',NULL,2,1),(276,'Ortodoncia Avanzada: Técnicas Innovadoras','9788416004632','2019-11-28','Técnicas innovadoras en el campo de la ortodoncia avanzada.','5678901234',NULL,1,1),(277,'Imágenes Médicas: Diagnóstico por Imagen','9788498350182','2018-07-22','Diagnóstico por imágenes médicas, abordando radiología y técnicas de imagenología.','6789012345',NULL,1,2),(278,'Cirugía Plástica y Estética: Técnicas Actuales','9788416004649','2020-04-18','Técnicas actuales en cirugía plástica y estética.','7890123456',NULL,1,1),(279,'Neurociencia Cognitiva: Avances y Perspectivas','9788498350199','2019-01-05','Avances y perspectivas en el campo de la neurociencia cognitiva.','8901234567',NULL,6,1),(280,'Tecnología en Rehabilitación: Dispositivos Innovadores','9788416004656','2018-05-30','Dispositivos innovadores en tecnología para rehabilitación.','9012345678',NULL,1,2);
/*!40000 ALTER TABLE `documentos` ENABLE KEYS */;
UNLOCK TABLES;

--
-- Table structure for table `documentos_autor`
--

DROP TABLE IF EXISTS `documentos_autor`;
/*!40101 SET @saved_cs_client     = @@character_set_client */;
/*!50503 SET character_set_client = utf8mb4 */;
CREATE TABLE `documentos_autor` (
  `id` bigint NOT NULL AUTO_INCREMENT,
  `documento_id` bigint NOT NULL,
  `autor_id` bigint NOT NULL,
  PRIMARY KEY (`id`),
  UNIQUE KEY `documentos_autor_documento_id_autor_id_2caf45e9_uniq` (`documento_id`,`autor_id`),
  KEY `documentos_autor_autor_id_0b2c0179_fk_autores_id` (`autor_id`),
  CONSTRAINT `documentos_autor_autor_id_0b2c0179_fk_autores_id` FOREIGN KEY (`autor_id`) REFERENCES `autores` (`id`),
  CONSTRAINT `documentos_autor_documento_id_986c2b43_fk_documentos_id` FOREIGN KEY (`documento_id`) REFERENCES `documentos` (`id`)
) ENGINE=InnoDB AUTO_INCREMENT=1605 DEFAULT CHARSET=utf8mb4 COLLATE=utf8mb4_0900_ai_ci;
/*!40101 SET character_set_client = @saved_cs_client */;

--
-- Dumping data for table `documentos_autor`
--

LOCK TABLES `documentos_autor` WRITE;
/*!40000 ALTER TABLE `documentos_autor` DISABLE KEYS */;
INSERT INTO `documentos_autor` VALUES (1601,2,198),(1602,2,199),(1589,4,2),(1590,4,3),(1603,10,105),(1604,10,106),(1597,13,1),(1598,13,4),(533,18,37),(534,19,7),(535,20,16),(536,21,32),(537,22,23),(538,23,40),(539,24,1),(596,24,46),(540,25,10),(1591,26,40),(1592,26,41),(542,27,18),(543,28,35),(544,29,22),(545,30,30),(1593,30,33),(546,31,13),(547,32,27),(548,33,6),(1594,34,36),(549,34,39),(550,35,17),(551,36,24),(1595,36,40),(1596,36,44),(552,37,34),(553,38,33),(554,39,21),(555,40,29),(597,41,14),(598,42,5),(599,44,35),(600,45,9),(601,46,17),(602,47,2),(603,48,28),(604,49,12),(605,50,33),(606,51,6),(607,52,21),(608,53,40),(609,54,8),(610,55,26),(611,56,37),(612,57,16),(613,58,3),(614,59,31),(615,60,19),(616,61,11),(617,62,22),(618,63,39),(619,64,1),(620,65,18),(621,66,10),(622,67,23),(623,68,30),(624,69,36),(625,70,13),(626,71,38),(627,72,27),(628,73,7),(629,74,25),(630,75,15),(631,76,34),(632,77,4),(633,78,29),(634,79,20),(635,80,32),(753,81,5),(792,81,86),(751,82,12),(790,82,84),(715,83,20),(754,83,48),(741,84,15),(780,84,74),(731,86,28),(770,86,64),(745,87,8),(784,87,78),(748,88,14),(787,88,81),(716,89,36),(755,89,49),(747,90,2),(786,90,80),(734,91,19),(773,91,67),(729,92,9),(768,92,62),(740,93,31),(779,93,73),(737,94,26),(776,94,70),(730,95,38),(769,95,63),(736,96,11),(775,96,69),(743,97,3),(782,97,76),(720,98,37),(759,98,53),(738,99,7),(777,99,71),(746,100,16),(785,100,79),(752,101,32),(791,101,85),(742,102,23),(781,102,75),(717,103,40),(756,103,50),(744,104,1),(783,104,77),(725,105,10),(764,105,58),(739,106,25),(778,106,72),(719,107,18),(758,107,52),(722,108,35),(761,108,55),(750,109,22),(789,109,83),(749,110,30),(788,110,82),(723,111,13),(762,111,56),(733,112,27),(772,112,66),(724,113,6),(763,113,57),(721,114,39),(760,114,54),(718,115,17),(757,115,51),(728,116,24),(767,116,61),(732,117,34),(771,117,65),(727,118,33),(766,118,60),(726,119,21),(765,119,59),(735,120,29),(774,120,68),(794,142,91),(795,143,92),(796,144,93),(797,145,94),(798,146,95),(799,147,96),(800,148,97),(801,149,98),(802,150,99),(803,151,100),(804,152,101),(805,153,102),(806,154,103),(807,155,104),(808,156,105),(809,157,106),(810,158,107),(811,159,108),(812,160,109),(813,161,110),(814,162,111),(815,163,112),(816,164,113),(817,165,114),(818,166,115),(819,167,116),(820,168,117),(821,169,118),(822,170,119),(823,171,120),(824,172,121),(825,173,122),(826,174,123),(827,175,124),(828,176,125),(829,177,126),(830,178,127),(831,179,128),(832,180,129),(833,181,130),(834,182,131),(835,183,132),(836,184,133),(837,185,134),(838,186,135),(844,187,139),(851,188,145),(840,188,157),(863,189,146),(865,189,148),(850,189,160),(878,189,179),(839,191,137),(874,191,157),(872,191,158),(858,191,167),(859,191,170),(862,192,139),(843,192,147),(877,192,164),(876,192,167),(864,192,180),(855,194,164),(841,194,170),(842,194,174),(867,195,168),(860,195,170),(857,196,145),(856,197,149),(870,198,154),(854,198,167),(847,198,173),(845,198,176),(846,199,138),(871,199,158),(861,199,164),(853,199,175),(868,200,180),(869,201,140),(875,202,145),(849,202,167),(852,204,145),(873,204,166),(866,205,149),(848,205,159),(1065,206,166),(1075,206,196),(1083,207,167),(1062,207,172),(1074,208,180),(1067,208,185),(1084,211,164),(1076,211,167),(1087,211,168),(1060,211,174),(1058,212,184),(1068,212,185),(1082,213,189),(1063,213,190),(1057,213,191),(1080,214,163),(1072,215,169),(1064,215,171),(1085,216,173),(1071,216,181),(1050,217,193),(1053,217,196),(1052,218,168),(1077,219,165),(1086,220,173),(1049,220,182),(1059,220,187),(1070,221,187),(1081,221,190),(1073,221,195),(1069,222,164),(1054,222,165),(1055,223,172),(1079,223,173),(1056,223,176),(1048,224,179),(1078,224,180),(1061,224,183),(1066,225,187),(1051,225,194),(1480,232,48),(1484,232,51),(1483,233,60),(1497,233,62),(1476,233,63),(1508,234,67),(1481,234,69),(1475,234,73),(1474,235,42),(1478,235,44),(1499,236,43),(1507,236,44),(1469,236,51),(1500,237,54),(1485,237,61),(1496,237,62),(1490,238,74),(1487,238,75),(1505,239,79),(1472,240,53),(1501,241,55),(1495,241,60),(1488,241,63),(1498,242,63),(1477,242,76),(1479,242,78),(1506,243,78),(1502,244,42),(1482,244,50),(1493,244,54),(1473,245,63),(1492,246,68),(1471,247,47),(1504,248,43),(1491,248,48),(1489,248,53),(1470,249,63),(1494,250,67),(1503,250,68),(1486,250,69),(1600,264,14),(1599,264,16);
/*!40000 ALTER TABLE `documentos_autor` ENABLE KEYS */;
UNLOCK TABLES;

--
-- Table structure for table `escuelas`
--

DROP TABLE IF EXISTS `escuelas`;
/*!40101 SET @saved_cs_client     = @@character_set_client */;
/*!50503 SET character_set_client = utf8mb4 */;
CREATE TABLE `escuelas` (
  `id` bigint NOT NULL AUTO_INCREMENT,
  `nombre` varchar(255) NOT NULL,
  `facultad_id` bigint NOT NULL,
  PRIMARY KEY (`id`),
  KEY `escuelas_facultad_id_cdfeeb95_fk_facultades_id` (`facultad_id`),
  CONSTRAINT `escuelas_facultad_id_cdfeeb95_fk_facultades_id` FOREIGN KEY (`facultad_id`) REFERENCES `facultades` (`id`)
) ENGINE=InnoDB AUTO_INCREMENT=56 DEFAULT CHARSET=utf8mb4 COLLATE=utf8mb4_0900_ai_ci;
/*!40101 SET character_set_client = @saved_cs_client */;

--
-- Dumping data for table `escuelas`
--

LOCK TABLES `escuelas` WRITE;
/*!40000 ALTER TABLE `escuelas` DISABLE KEYS */;
INSERT INTO `escuelas` VALUES (1,'Ingeniería de Sistemas',1),(2,'Ingeniería de Transportes',1),(3,'Ingeniería Agroindustrial',1),(4,'Ingeniería Industrial',1),(5,'Economía',2),(6,'Administración de Empresas',3),(7,'Administración de Turismo',3),(8,'Administración Pública',3),(9,'Negocios Internacionales',3),(10,'Marketing',3),(11,'Contabilidad',4),(12,'Derecho',6),(13,'Ciencia Política',6),(14,'Ciencias de la comunicación',5),(15,'Sociología',5),(16,'Trabajo Social',5),(17,'Filosofía',8),(18,'Lingüística',8),(19,'Literatura',8),(20,'Historia',8),(21,'Antropología',8),(22,'Arqueología',8),(23,'Inicial',7),(24,'Primaria',7),(25,'Secundaria',7),(26,'Educación Física',7),(27,'Arquitectura',9),(28,'Ingeniería Civil',10),(29,'Ingeniero en Ciencias Alimentarias',12),(30,'Ingeniero en Acuicultura',12),(31,'Ingeniero Pesquero',12),(32,'Ingeniería Geográfica',11),(33,'Ingeniería Ambiental',11),(34,'Ingeniería de Ecoturismo',11),(35,'Ingeniería Electrónica',13),(36,'Ingeniería Informática',13),(37,'Ingeniería de Telecomunicaciones',13),(38,'Ingeniería Mecatrónica',13),(39,'Medicina',15),(40,'Enfermería',15),(41,'Nutrición',15),(42,'Obstetricia',15),(43,'Odontología',16),(44,'Laboratorio y Anatomía Patológica',16),(45,'Terapia Física y Rehabilitación',16),(46,'Terapia de Lenguaje',16),(47,'Radiología',16),(48,'Optometría',15),(49,'Psicología',18),(50,'Matemática',14),(51,'Física',14),(52,'Estadística',14),(53,'Biología',14),(54,'Química',14),(55,'Tecnología Médica',17);
/*!40000 ALTER TABLE `escuelas` ENABLE KEYS */;
UNLOCK TABLES;

--
-- Table structure for table `estados_actividades`
--

DROP TABLE IF EXISTS `estados_actividades`;
/*!40101 SET @saved_cs_client     = @@character_set_client */;
/*!50503 SET character_set_client = utf8mb4 */;
CREATE TABLE `estados_actividades` (
  `id` bigint NOT NULL AUTO_INCREMENT,
  `nombre` varchar(60) NOT NULL,
  PRIMARY KEY (`id`)
) ENGINE=InnoDB AUTO_INCREMENT=7 DEFAULT CHARSET=utf8mb4 COLLATE=utf8mb4_0900_ai_ci;
/*!40101 SET character_set_client = @saved_cs_client */;

--
-- Dumping data for table `estados_actividades`
--

LOCK TABLES `estados_actividades` WRITE;
/*!40000 ALTER TABLE `estados_actividades` DISABLE KEYS */;
INSERT INTO `estados_actividades` VALUES (4,'Finalizado'),(5,'En Progreso'),(6,'Programado');
/*!40000 ALTER TABLE `estados_actividades` ENABLE KEYS */;
UNLOCK TABLES;

--
-- Table structure for table `facultades`
--

DROP TABLE IF EXISTS `facultades`;
/*!40101 SET @saved_cs_client     = @@character_set_client */;
/*!50503 SET character_set_client = utf8mb4 */;
CREATE TABLE `facultades` (
  `id` bigint NOT NULL AUTO_INCREMENT,
  `nombre` varchar(100) NOT NULL,
  PRIMARY KEY (`id`)
) ENGINE=InnoDB AUTO_INCREMENT=19 DEFAULT CHARSET=utf8mb4 COLLATE=utf8mb4_0900_ai_ci;
/*!40101 SET character_set_client = @saved_cs_client */;

--
-- Dumping data for table `facultades`
--

LOCK TABLES `facultades` WRITE;
/*!40000 ALTER TABLE `facultades` DISABLE KEYS */;
INSERT INTO `facultades` VALUES (1,'Facultad de Ingeniería Industrial y de Sistemas'),(2,'Facultad de Ciencias Económicas'),(3,'Facultad de Administración'),(4,'Facultad de Ciencias Financieras y Contables'),(5,'Facultad de Ciencias Sociales'),(6,'Facultad de Derecho y Ciencia Política'),(7,'Facultad de Educación'),(8,'Facultad de Humanidades'),(9,'Facultad de Arquitectura y Urbanismo'),(10,'Facultad de Ingeniería Civil'),(11,'Facultad de Ingeniería Geográfica, Ambiental y Ecoturismo'),(12,'Facultad de Oceanografía, Pesquería, Ciencias Alimentarias y Acuicultura'),(13,'Facultad de Ingeniería Electrónica e Informática'),(14,'Facultad de Ciencias Naturales y Matemática'),(15,'Facultad de Medicina \"Hipólito Unanue\"'),(16,'Facultad de Odontología'),(17,'Facultad de Tecnología Médica'),(18,'Facultad de Psicología');
/*!40000 ALTER TABLE `facultades` ENABLE KEYS */;
UNLOCK TABLES;

--
-- Table structure for table `idiomas`
--

DROP TABLE IF EXISTS `idiomas`;
/*!40101 SET @saved_cs_client     = @@character_set_client */;
/*!50503 SET character_set_client = utf8mb4 */;
CREATE TABLE `idiomas` (
  `id` bigint NOT NULL AUTO_INCREMENT,
  `idioma` varchar(20) NOT NULL,
  PRIMARY KEY (`id`)
) ENGINE=InnoDB AUTO_INCREMENT=8 DEFAULT CHARSET=utf8mb4 COLLATE=utf8mb4_0900_ai_ci;
/*!40101 SET character_set_client = @saved_cs_client */;

--
-- Dumping data for table `idiomas`
--

LOCK TABLES `idiomas` WRITE;
/*!40000 ALTER TABLE `idiomas` DISABLE KEYS */;
INSERT INTO `idiomas` VALUES (1,'Español'),(2,'Inglés'),(3,'Portugués'),(4,'Italiano'),(5,'Ruso'),(6,'Francés'),(7,'Quechua');
/*!40000 ALTER TABLE `idiomas` ENABLE KEYS */;
UNLOCK TABLES;

--
-- Table structure for table `inventarios`
--

DROP TABLE IF EXISTS `inventarios`;
/*!40101 SET @saved_cs_client     = @@character_set_client */;
/*!50503 SET character_set_client = utf8mb4 */;
CREATE TABLE `inventarios` (
  `id` bigint NOT NULL AUTO_INCREMENT,
  `fecha_adquisicion` date NOT NULL,
  `stock_actual` int NOT NULL,
  `stock_registrado` int NOT NULL,
  `biblioteca_id` bigint NOT NULL,
  `documento_id` bigint NOT NULL,
  PRIMARY KEY (`id`),
  KEY `inventarios_biblioteca_id_fac86b50_fk_bibliotecas_id` (`biblioteca_id`),
  KEY `inventarios_documento_id_ea592612_fk_documentos_id` (`documento_id`),
  CONSTRAINT `inventarios_biblioteca_id_fac86b50_fk_bibliotecas_id` FOREIGN KEY (`biblioteca_id`) REFERENCES `bibliotecas` (`id`),
  CONSTRAINT `inventarios_documento_id_ea592612_fk_documentos_id` FOREIGN KEY (`documento_id`) REFERENCES `documentos` (`id`)
) ENGINE=InnoDB AUTO_INCREMENT=690 DEFAULT CHARSET=utf8mb4 COLLATE=utf8mb4_0900_ai_ci;
/*!40101 SET character_set_client = @saved_cs_client */;

--
-- Dumping data for table `inventarios`
--

LOCK TABLES `inventarios` WRITE;
/*!40000 ALTER TABLE `inventarios` DISABLE KEYS */;
INSERT INTO `inventarios` VALUES (1,'2021-01-10',25,30,1,11),(2,'2021-02-15',30,35,1,12),(3,'2021-03-20',18,50,1,13),(4,'2021-04-05',22,40,1,14),(5,'2021-05-10',40,45,1,15),(6,'2021-06-25',28,32,1,16),(7,'2021-07-12',35,38,1,17),(8,'2021-08-30',45,50,1,18),(9,'2021-09-05',20,25,1,19),(10,'2021-10-18',32,40,1,20),(11,'2021-11-22',38,45,1,21),(12,'2021-12-01',50,50,1,22),(13,'2022-01-14',37,45,1,23),(14,'2022-02-27',30,35,1,24),(15,'2022-03-03',45,50,1,25),(16,'2022-04-16',24,30,1,26),(17,'2022-05-19',22,40,1,27),(18,'2022-06-22',18,50,1,28),(19,'2022-07-30',28,32,1,29),(20,'2022-08-14',0,38,1,30),(21,'2022-09-18',40,45,1,31),(22,'2022-10-25',20,25,1,32),(23,'2022-11-01',32,40,1,33),(24,'2022-12-14',38,45,1,34),(25,'2023-01-17',50,50,1,35),(26,'2023-02-20',39,45,1,36),(27,'2023-03-26',45,50,1,37),(28,'2023-04-02',28,32,1,38),(29,'2023-05-15',35,38,1,39),(30,'2023-09-18',39,45,1,40),(31,'2021-01-10',25,30,1,41),(32,'2021-02-15',30,35,1,42),(33,'2021-04-05',22,40,1,44),(34,'2021-05-10',40,45,1,45),(35,'2021-06-25',27,32,1,46),(36,'2021-07-12',35,38,1,47),(37,'2021-08-30',45,50,1,48),(38,'2021-09-05',20,25,1,49),(39,'2021-10-18',32,40,1,50),(40,'2021-11-22',38,45,1,51),(41,'2021-12-01',50,50,1,52),(42,'2022-01-14',40,45,1,53),(43,'2022-02-27',30,35,1,54),(44,'2022-03-03',45,50,1,55),(45,'2022-04-16',25,30,1,56),(46,'2022-05-19',22,40,1,57),(47,'2022-06-22',1,50,1,58),(48,'2022-07-30',28,32,1,59),(49,'2021-01-10',25,30,1,1),(50,'2021-02-15',29,35,1,2),(51,'2021-03-20',18,50,1,3),(52,'2021-04-05',22,40,1,4),(53,'2021-05-10',39,45,1,5),(54,'2021-06-25',28,32,1,6),(55,'2021-07-12',35,38,1,7),(56,'2021-08-30',45,50,1,8),(57,'2021-09-05',20,25,1,9),(58,'2021-10-18',32,40,1,10),(59,'2023-01-10',25,30,2,60),(60,'2023-02-15',30,35,2,61),(61,'2023-03-20',18,50,2,62),(62,'2023-04-05',22,40,2,63),(63,'2023-05-10',40,45,2,64),(64,'2023-06-25',28,32,2,65),(65,'2023-07-12',35,38,2,66),(66,'2023-08-30',45,50,2,67),(67,'2023-09-05',20,25,2,68),(68,'2023-10-18',32,40,2,69),(69,'2023-11-22',38,45,2,70),(70,'2023-12-01',50,50,2,71),(71,'2023-12-14',40,45,2,72),(72,'2023-12-30',30,35,2,73),(73,'2024-01-05',45,50,2,74),(74,'2024-01-16',25,30,2,75),(75,'2024-01-13',22,40,2,76),(76,'2024-01-10',18,50,2,77),(77,'2024-01-08',28,32,2,78),(78,'2024-01-03',35,38,2,79),(79,'2022-01-10',28,32,3,80),(80,'2022-02-15',34,38,3,81),(81,'2022-03-20',20,25,3,82),(82,'2022-04-05',25,30,3,83),(83,'2022-05-10',42,45,3,84),(84,'2022-06-25',30,35,3,85),(85,'2022-07-12',38,43,3,86),(86,'2022-08-30',48,50,4,87),(87,'2022-09-05',22,28,4,88),(88,'2022-10-18',35,40,4,89),(89,'2022-11-22',40,45,4,90),(90,'2022-12-01',53,55,4,91),(91,'2023-01-14',45,50,5,92),(92,'2023-02-27',32,38,5,93),(93,'2023-03-03',47,50,5,94),(94,'2023-04-16',28,32,5,95),(95,'2023-05-19',24,40,5,96),(96,'2023-06-22',20,28,5,97),(97,'2023-07-30',30,34,5,98),(98,'2023-08-14',38,42,5,99),(99,'2021-01-05',30,35,6,100),(100,'2021-02-15',40,45,6,101),(101,'2021-03-20',22,28,6,102),(102,'2021-04-05',35,40,6,103),(103,'2021-05-10',28,32,6,104),(104,'2021-06-25',45,50,6,105),(105,'2021-07-12',18,25,6,106),(106,'2021-08-30',32,38,6,107),(107,'2021-09-05',50,50,6,108),(108,'2022-01-10',40,45,6,109),(109,'2022-02-15',30,35,6,110),(110,'2022-03-20',45,50,6,111),(111,'2022-04-05',25,30,6,112),(112,'2022-05-10',22,40,6,113),(113,'2022-06-25',28,32,6,114),(114,'2022-07-12',35,38,6,115),(115,'2022-08-30',45,50,6,116),(116,'2023-01-05',20,25,6,117),(117,'2023-02-15',30,35,6,118),(118,'2023-03-20',45,50,6,119),(119,'2023-04-05',25,30,6,120),(120,'2021-01-05',25,30,7,141),(121,'2021-02-15',35,40,7,142),(122,'2021-03-20',20,25,7,143),(123,'2021-04-05',30,35,7,144),(124,'2021-05-10',40,45,7,145),(125,'2021-06-25',28,32,7,146),(126,'2021-07-12',38,43,7,147),(127,'2021-08-30',48,50,7,148),(128,'2021-09-05',22,28,7,149),(129,'2022-01-10',35,40,7,150),(130,'2022-02-15',25,30,7,151),(131,'2022-03-20',40,45,7,152),(132,'2022-04-05',30,35,7,153),(133,'2022-05-10',20,25,7,154),(134,'2022-06-25',32,38,7,155),(135,'2022-07-12',50,50,7,156),(136,'2022-08-30',40,45,7,157),(137,'2023-01-05',28,32,7,158),(138,'2023-02-15',24,40,7,159),(139,'2023-03-20',18,28,7,160),(140,'2023-04-05',30,34,7,161),(141,'2021-01-07',28,32,8,161),(142,'2021-03-15',34,38,8,162),(143,'2021-05-20',20,25,8,163),(144,'2021-08-05',25,30,8,164),(145,'2021-09-10',42,45,8,165),(146,'2021-11-25',30,35,8,166),(147,'2022-02-12',38,43,8,167),(148,'2022-04-30',48,50,8,168),(149,'2022-06-15',22,28,8,169),(150,'2022-09-20',35,40,8,170),(151,'2022-11-02',40,45,8,171),(152,'2023-01-18',53,55,8,172),(153,'2023-03-07',45,50,8,173),(154,'2023-04-12',32,38,8,174),(155,'2023-06-27',47,50,8,175),(156,'2023-08-14',28,32,8,176),(157,'2023-10-01',24,40,8,177),(158,'2023-12-10',20,28,8,178),(159,'2023-12-25',30,34,8,179),(160,'2023-02-05',38,42,8,180),(161,'2023-03-20',48,50,8,181),(162,'2021-01-12',25,30,9,182),(163,'2021-03-25',40,45,9,183),(164,'2021-05-30',18,25,9,184),(165,'2021-07-15',32,38,9,185),(166,'2021-09-20',48,50,9,186),(167,'2021-11-05',30,35,9,187),(168,'2022-01-22',38,43,9,188),(169,'2022-03-10',50,55,9,189),(170,'2022-05-25',22,28,9,190),(171,'2022-08-01',35,40,9,191),(172,'2022-10-12',40,45,9,192),(173,'2023-01-28',53,55,9,193),(174,'2023-03-17',45,50,9,194),(175,'2023-04-22',32,38,9,195),(176,'2023-07-07',47,50,9,196),(177,'2023-08-24',28,32,9,197),(178,'2023-11-01',24,40,9,198),(179,'2023-12-15',20,28,9,199),(180,'2023-12-30',30,34,9,200),(181,'2021-01-18',28,32,10,201),(182,'2021-04-05',35,40,10,202),(183,'2021-06-10',20,25,10,203),(184,'2021-08-25',25,30,10,204),(185,'2021-10-30',42,45,10,205),(186,'2022-01-15',30,35,10,206),(187,'2022-03-02',38,43,10,207),(188,'2022-05-17',48,50,10,208),(189,'2022-07-22',22,28,10,209),(190,'2022-09-05',35,40,10,210),(191,'2022-11-20',40,45,10,211),(192,'2023-02-05',53,55,10,212),(193,'2023-04-22',45,50,10,213),(194,'2023-06-07',32,38,10,214),(195,'2023-08-22',47,50,10,215),(196,'2023-10-09',28,32,10,216),(197,'2024-01-02',24,40,10,217),(198,'2024-01-03',20,28,10,218),(199,'2024-01-05',30,34,10,219),(200,'2024-01-10',38,42,10,220),(201,'2022-04-15',25,30,11,221),(202,'2021-08-28',40,45,11,222),(203,'2023-02-10',30,35,11,223),(204,'2022-01-20',45,50,11,224),(205,'2023-01-02',20,25,11,225),(206,'2021-11-10',35,40,11,226),(207,'2022-09-30',18,25,11,227),(208,'2023-07-15',28,32,11,228),(209,'2021-06-12',22,30,11,229),(210,'2023-05-05',32,38,11,230),(211,'2022-07-20',40,45,12,231),(212,'2022-01-28',50,55,12,232),(213,'2023-03-18',28,32,12,233),(214,'2022-06-05',24,30,12,234),(215,'2021-12-22',38,42,12,235),(216,'2022-10-15',45,50,12,236),(217,'2023-08-28',32,38,12,237),(218,'2021-05-30',48,50,12,238),(219,'2023-06-10',25,30,12,239),(220,'2021-10-05',40,45,12,240),(221,'2022-03-15',28,32,13,241),(222,'2021-07-28',42,47,13,242),(223,'2023-01-10',35,40,13,243),(224,'2022-02-20',50,55,13,244),(225,'2022-12-30',25,30,13,245),(226,'2021-10-10',38,42,13,246),(227,'2022-08-30',20,25,13,247),(228,'2023-06-15',32,38,13,248),(229,'2021-05-12',22,30,13,249),(230,'2023-04-05',30,35,13,250),(231,'2022-06-20',40,45,13,251),(232,'2022-01-28',55,60,13,252),(233,'2023-02-18',28,32,13,253),(234,'2022-05-05',26,32,14,254),(235,'2021-11-22',38,42,14,255),(236,'2022-10-15',48,50,14,256),(237,'2023-08-28',32,38,14,257),(238,'2021-04-30',50,52,14,258),(239,'2023-07-10',30,35,14,259),(240,'2022-02-15',26,30,15,260),(241,'2021-06-28',38,45,15,261),(242,'2023-01-10',34,38,15,262),(243,'2022-02-20',50,55,15,263),(244,'2022-12-30',25,30,15,264),(245,'2021-10-10',38,42,15,265),(246,'2022-08-30',20,25,15,266),(247,'2023-06-15',32,35,16,267),(248,'2021-05-12',22,30,16,268),(249,'2023-04-05',30,35,16,269),(250,'2022-06-20',40,45,16,270),(251,'2022-01-28',55,60,16,271),(252,'2023-02-18',28,32,17,272),(253,'2022-05-05',26,32,17,273),(254,'2021-11-22',38,42,17,274),(255,'2022-10-15',48,50,18,275),(256,'2023-08-28',32,38,18,276),(257,'2021-04-30',50,52,18,277),(258,'2023-07-10',30,35,18,278),(259,'2022-09-15',40,42,18,279),(260,'2021-12-05',28,30,18,280);
/*!40000 ALTER TABLE `inventarios` ENABLE KEYS */;
UNLOCK TABLES;

--
-- Table structure for table `modalidades_actividades`
--

DROP TABLE IF EXISTS `modalidades_actividades`;
/*!40101 SET @saved_cs_client     = @@character_set_client */;
/*!50503 SET character_set_client = utf8mb4 */;
CREATE TABLE `modalidades_actividades` (
  `id` bigint NOT NULL AUTO_INCREMENT,
  `nombre` varchar(60) NOT NULL,
  PRIMARY KEY (`id`)
) ENGINE=InnoDB AUTO_INCREMENT=5 DEFAULT CHARSET=utf8mb4 COLLATE=utf8mb4_0900_ai_ci;
/*!40101 SET character_set_client = @saved_cs_client */;

--
-- Dumping data for table `modalidades_actividades`
--

LOCK TABLES `modalidades_actividades` WRITE;
/*!40000 ALTER TABLE `modalidades_actividades` DISABLE KEYS */;
INSERT INTO `modalidades_actividades` VALUES (3,'Presencial'),(4,'Virtual');
/*!40000 ALTER TABLE `modalidades_actividades` ENABLE KEYS */;
UNLOCK TABLES;

--
-- Table structure for table `ponentes`
--

DROP TABLE IF EXISTS `ponentes`;
/*!40101 SET @saved_cs_client     = @@character_set_client */;
/*!50503 SET character_set_client = utf8mb4 */;
CREATE TABLE `ponentes` (
  `id` bigint NOT NULL AUTO_INCREMENT,
  `nombre` varchar(50) NOT NULL,
  `correo` varchar(50) NOT NULL,
  `telefono` varchar(9) NOT NULL,
  `profesion` varchar(50) NOT NULL,
  `foto` varchar(100) DEFAULT NULL,
  PRIMARY KEY (`id`)
) ENGINE=InnoDB AUTO_INCREMENT=20 DEFAULT CHARSET=utf8mb4 COLLATE=utf8mb4_0900_ai_ci;
/*!40101 SET character_set_client = @saved_cs_client */;

--
-- Dumping data for table `ponentes`
--

LOCK TABLES `ponentes` WRITE;
/*!40000 ALTER TABLE `ponentes` DISABLE KEYS */;
INSERT INTO `ponentes` VALUES (12,'Angela Rocha Avala','laura.zavalagmail.com','978944660','Manager Latin America','ponentes/ponente01_QRgDbUM.jfif'),(13,'Marcos Tarazona Rodriguez','marcos.tarazona@gmail.com','978944660','Customer Succes Manager','ponentes/ponente03_tBdG0DA.jfif'),(14,'Karen Cortez Torres','karen.cortez@gmail.com','958344660','Manager Latin America','ponentes/ponente15.jfif'),(15,'Carlos Salazar Barrientos','carlos.salazar@gmail.com','978944660','Digital Marketing Consultant','ponentes/ponente07_2He37Nm.jfif'),(16,'Cesar Calderon Rodriguez','cesar.calderon@gmail.com','974963780','CEO of Fauget Company','ponentes/ponente18.jfif'),(17,'Alejandra Quiroz Velasquez','alejandra.quiroz@gmail.com','934854120','Analista de Éxito al cliente','ponentes/ponente05.jfif'),(18,'Martha Avalos Carranza','martha.avalos@gmail.com','978944660','Content Manager','ponentes/ponente06_hHWa7eN.jfif'),(19,'Enzo Ramirez Conde','enzo.ramirez@gmail.com','934854120','Customer Succes Manager','ponentes/ponente10.jfif');
/*!40000 ALTER TABLE `ponentes` ENABLE KEYS */;
UNLOCK TABLES;

--
-- Table structure for table `prestamos`
--

DROP TABLE IF EXISTS `prestamos`;
/*!40101 SET @saved_cs_client     = @@character_set_client */;
/*!50503 SET character_set_client = utf8mb4 */;
CREATE TABLE `prestamos` (
  `id` bigint NOT NULL AUTO_INCREMENT,
  `fecha_reserva` date DEFAULT NULL,
  `fecha_recojo` date DEFAULT NULL,
  `fecha_devolucion` date DEFAULT NULL,
  `fecha_devolucion_confirmada` date DEFAULT NULL,
  `estado_prestamo` varchar(10) NOT NULL,
  `usuario_id` bigint NOT NULL,
  PRIMARY KEY (`id`),
  KEY `prestamos_usuario_id_88adf907_fk_usuarios_id` (`usuario_id`),
  CONSTRAINT `prestamos_usuario_id_88adf907_fk_usuarios_id` FOREIGN KEY (`usuario_id`) REFERENCES `usuarios` (`id`)
) ENGINE=InnoDB AUTO_INCREMENT=449 DEFAULT CHARSET=utf8mb4 COLLATE=utf8mb4_0900_ai_ci;
/*!40101 SET character_set_client = @saved_cs_client */;

--
-- Dumping data for table `prestamos`
--

LOCK TABLES `prestamos` WRITE;
/*!40000 ALTER TABLE `prestamos` DISABLE KEYS */;
INSERT INTO `prestamos` VALUES (1,'2022-04-15','2022-04-20','2022-05-05',NULL,'RESERVADO',1),(2,'2022-05-20','2022-05-25','2022-06-10','2022-06-10','DEVUELTO',1),(3,'2022-06-30','2022-07-05','2022-07-20','2022-07-19','DEVUELTO',1),(4,'2022-08-10','2022-08-15','2022-08-30','2022-08-29','DEVUELTO',1),(5,'2022-09-25','2022-09-30','2022-10-15','2022-10-15','DEVUELTO',1),(6,'2022-11-05','2022-11-10','2022-11-25','2022-11-24','DEVUELTO',1),(7,'2022-12-20','2022-12-25','2023-01-10','2023-01-09','DEVUELTO',1),(8,'2023-01-30','2023-02-04','2023-02-19','2023-02-18','DEVUELTO',1),(9,'2023-03-10','2023-03-15','2023-03-30','2023-03-29','DEVUELTO',1),(10,'2023-04-25','2023-04-30','2023-05-15','2023-05-14','DEVUELTO',1),(11,'2022-04-15','2022-04-20','2022-05-05','2022-05-06','DEVUELTO',1),(12,'2022-05-25','2022-06-01','2022-06-15','2022-06-15','DEVUELTO',1),(13,'2022-07-05','2022-07-10','2022-07-25','2022-07-24','DEVUELTO',1),(14,'2022-08-20','2022-08-25','2022-09-09','2022-09-08','DEVUELTO',1),(15,'2022-09-30','2022-10-05','2022-10-20','2022-10-19','DEVUELTO',1),(16,'2022-11-15','2022-11-20','2022-12-05','2022-12-04','DEVUELTO',1),(17,'2022-12-25','2023-01-01','2023-01-15','2023-01-14','DEVUELTO',1),(18,'2023-02-10','2023-02-15','2023-03-02','2023-03-01','DEVUELTO',1),(19,'2023-03-25','2023-03-30','2023-04-14','2023-04-13','DEVUELTO',1),(20,'2023-05-05','2023-05-10','2023-05-25','2023-05-24','DEVUELTO',1),(21,'2023-06-20','2023-06-25','2023-07-10','2023-07-09','DEVUELTO',1),(22,'2023-07-30','2023-08-04','2023-08-19','2023-08-18','DEVUELTO',1),(23,'2023-09-15','2023-09-20','2023-10-05','2023-10-04','DEVUELTO',1),(24,'2023-10-30','2023-11-04','2023-11-19','2023-11-18','DEVUELTO',1),(25,'2023-12-15','2023-12-20','2024-01-04','2023-12-31','DEVUELTO',1),(26,'2022-05-15','2022-05-20','2022-06-05','2022-06-04','DEVUELTO',1),(27,'2022-07-01','2022-07-06','2022-07-21','2022-07-20','DEVUELTO',1),(28,'2022-08-15','2022-08-20','2022-09-04','2022-09-03','DEVUELTO',1),(29,'2022-10-01','2022-10-06','2022-10-21','2022-10-20','DEVUELTO',1),(30,'2022-11-15','2022-11-20','2022-12-05','2022-12-04','DEVUELTO',1),(31,'2023-01-01','2023-01-06','2023-01-21','2023-01-20','DEVUELTO',1),(32,'2023-02-15','2023-02-20','2023-03-07','2023-03-06','DEVUELTO',1),(33,'2023-04-01','2023-04-06','2023-04-21','2023-04-20','DEVUELTO',1),(34,'2023-05-15','2023-05-20','2023-06-04','2023-06-03','DEVUELTO',1),(35,'2023-07-01','2023-07-06','2023-07-21','2023-07-20','DEVUELTO',1),(36,'2021-03-10','2021-03-15','2021-03-19',NULL,'PRESTADO',2),(37,'2021-05-15','2021-05-20','2021-06-05','2021-06-04','DEVUELTO',2),(38,'2021-07-01','2021-07-06','2021-07-21','2021-07-20','DEVUELTO',2),(39,'2021-08-15','2021-08-20','2021-09-04','2021-09-03','DEVUELTO',2),(40,'2021-10-01','2021-10-06','2021-10-21','2021-10-20','DEVUELTO',2),(41,'2021-11-15','2021-11-20','2021-12-05','2021-12-04','DEVUELTO',2),(42,'2022-01-01','2022-01-06','2022-01-21','2022-01-20','DEVUELTO',2),(43,'2022-02-15','2022-02-20','2022-03-07','2022-03-06','DEVUELTO',2),(44,'2022-04-01','2022-04-06','2022-04-21','2022-04-20','DEVUELTO',2),(45,'2022-05-15','2022-05-20','2022-06-04','2022-06-03','DEVUELTO',2),(46,'2022-07-01','2022-07-06','2022-07-21','2022-07-20','DEVUELTO',2),(47,'2022-08-15','2022-08-20','2022-09-04','2022-09-03','DEVUELTO',2),(48,'2022-10-01','2022-10-06','2022-10-21','2022-10-20','DEVUELTO',2),(49,'2022-11-15','2022-11-20','2022-12-05','2022-12-04','DEVUELTO',2),(50,'2023-01-01','2023-01-06','2023-01-21','2023-01-20','DEVUELTO',2),(51,'2023-02-15','2023-02-20','2023-03-07','2023-03-06','DEVUELTO',2),(52,'2023-04-01','2023-04-06','2023-04-21','2023-04-20','DEVUELTO',2),(53,'2023-05-15','2023-05-20','2023-06-04','2023-06-03','DEVUELTO',2),(54,'2023-07-01','2023-07-06','2023-07-21','2023-07-20','DEVUELTO',2),(55,'2023-08-15','2023-08-20','2023-09-04','2023-09-03','DEVUELTO',2),(56,'2021-04-15','2021-04-20','2021-04-30',NULL,'PRESTADO',3),(57,'2021-06-01','2021-06-06','2021-06-21','2021-06-20','DEVUELTO',3),(58,'2021-07-15','2021-07-20','2021-08-04','2021-08-03','DEVUELTO',3),(59,'2021-09-01','2021-09-06','2021-09-21','2021-09-20','DEVUELTO',3),(60,'2021-10-15','2021-10-20','2021-11-05','2021-11-04','DEVUELTO',3),(61,'2021-12-01','2021-12-06','2021-12-21','2021-12-20','DEVUELTO',3),(62,'2022-01-15','2022-01-20','2022-02-04','2022-02-03','DEVUELTO',3),(63,'2022-03-01','2022-03-06','2022-03-21','2022-03-20','DEVUELTO',3),(64,'2022-04-15','2022-04-20','2022-05-05','2022-05-04','DEVUELTO',3),(65,'2022-06-01','2022-06-06','2022-06-21','2022-06-20','DEVUELTO',3),(66,'2022-07-15','2022-07-20','2022-08-04','2022-08-03','DEVUELTO',3),(67,'2022-09-01','2022-09-06','2022-09-21','2022-09-20','DEVUELTO',3),(68,'2022-10-15','2022-10-20','2022-11-05','2022-11-04','DEVUELTO',3),(69,'2022-12-01','2022-12-06','2022-12-21','2022-12-20','DEVUELTO',3),(70,'2023-01-15','2023-01-20','2023-02-04','2023-02-03','DEVUELTO',3),(71,'2023-03-01','2023-03-06','2023-03-21','2023-03-20','DEVUELTO',3),(72,'2023-04-15','2023-04-20','2023-05-05','2023-05-04','DEVUELTO',3),(73,'2023-06-01','2023-06-06','2023-06-21','2023-06-20','DEVUELTO',3),(74,'2023-07-15','2023-07-20','2023-08-04','2023-08-03','DEVUELTO',3),(75,'2023-09-01','2023-09-06','2023-09-21','2023-09-20','DEVUELTO',3),(76,'2021-04-20','2021-04-25','2021-04-28',NULL,'RESERVADO',4),(77,'2021-06-10','2021-06-15','2021-06-30','2021-06-29','DEVUELTO',4),(78,'2021-07-25','2021-07-30','2021-08-14','2021-08-13','DEVUELTO',4),(79,'2021-09-10','2021-09-15','2021-09-30','2021-09-29','DEVUELTO',4),(80,'2021-10-25','2021-10-30','2021-11-14','2021-11-13','DEVUELTO',4),(81,'2021-12-10','2021-12-15','2021-12-30','2021-12-29','DEVUELTO',4),(82,'2022-01-25','2022-01-30','2022-02-14','2022-02-13','DEVUELTO',4),(83,'2022-03-10','2022-03-15','2022-03-30','2022-03-29','DEVUELTO',4),(84,'2022-04-25','2022-04-30','2022-05-15','2022-05-14','DEVUELTO',4),(85,'2022-06-10','2022-06-15','2022-06-30','2022-06-29','DEVUELTO',4),(86,'2022-07-25','2022-07-30','2022-08-14','2022-08-13','DEVUELTO',4),(87,'2022-09-10','2022-09-15','2022-09-30','2022-09-29','DEVUELTO',4),(88,'2022-10-25','2022-10-30','2022-11-14','2022-11-13','DEVUELTO',4),(89,'2022-12-10','2022-12-15','2022-12-30','2022-12-29','DEVUELTO',4),(90,'2023-01-25','2023-01-30','2023-02-14','2023-02-13','DEVUELTO',4),(91,'2023-03-10','2023-03-15','2023-03-30','2023-03-29','DEVUELTO',4),(92,'2023-04-25','2023-04-30','2023-05-15','2023-05-14','DEVUELTO',4),(93,'2023-06-10','2023-06-15','2023-06-30','2023-06-29','DEVUELTO',4),(94,'2023-07-25','2023-07-30','2023-08-14','2023-08-13','DEVUELTO',4),(95,'2023-09-10','2023-09-15','2023-09-30','2023-09-29','DEVUELTO',4),(96,'2023-10-25','2023-10-30','2023-11-14','2023-11-13','DEVUELTO',4),(97,'2023-12-10','2023-12-15','2023-12-30','2023-12-29','DEVUELTO',4),(98,'2021-05-15','2021-05-20','2021-05-22','2021-05-30','DEVUELTO',4),(99,'2021-07-05','2021-07-10','2021-07-25','2021-07-24','DEVUELTO',4),(100,'2021-08-20','2021-08-25','2021-09-09','2021-09-08','DEVUELTO',4),(101,'2021-10-05','2021-10-10','2021-10-25','2021-10-24','DEVUELTO',4),(102,'2021-11-20','2021-11-25','2021-12-09','2021-12-08','DEVUELTO',4),(103,'2022-01-05','2022-01-10','2022-01-25','2022-01-24','DEVUELTO',4),(104,'2022-02-20','2022-02-25','2022-03-11','2022-03-10','DEVUELTO',4),(105,'2022-04-05','2022-04-10','2022-04-25','2022-04-24','DEVUELTO',4),(106,'2022-05-20','2022-05-25','2022-06-09','2022-06-08','DEVUELTO',4),(107,'2022-07-05','2022-07-10','2022-07-25','2022-07-24','DEVUELTO',4),(108,'2022-08-20','2022-08-25','2022-09-09','2022-09-08','DEVUELTO',4),(109,'2022-10-05','2022-10-10','2022-10-25','2022-10-24','DEVUELTO',4),(110,'2022-11-20','2022-11-25','2022-12-09','2022-12-08','DEVUELTO',4),(111,'2023-01-05','2023-01-10','2023-01-25','2023-01-24','DEVUELTO',4),(112,'2023-02-20','2023-02-25','2023-03-11','2023-03-10','DEVUELTO',4),(113,'2023-04-05','2023-04-10','2023-04-25','2023-04-24','DEVUELTO',4),(114,'2023-05-20','2023-05-25','2023-06-09','2023-06-08','DEVUELTO',4),(115,'2023-07-05','2023-07-10','2023-07-25','2023-07-24','DEVUELTO',4),(116,'2023-08-20','2023-08-25','2023-09-09','2023-09-08','DEVUELTO',4),(117,'2023-10-05','2023-10-10','2023-10-25','2023-10-24','DEVUELTO',4),(118,'2022-03-15','2022-03-20','2022-03-22',NULL,'RESERVADO',5),(119,'2022-05-05','2022-05-10','2022-05-25','2022-05-24','DEVUELTO',5),(120,'2022-06-20','2022-06-25','2022-07-09','2022-07-08','DEVUELTO',5),(121,'2022-08-05','2022-08-10','2022-08-25','2022-08-24','DEVUELTO',5),(122,'2022-09-20','2022-09-25','2022-10-09','2022-10-08','DEVUELTO',5),(123,'2022-11-05','2022-11-10','2022-11-25','2022-11-24','DEVUELTO',5),(124,'2022-12-20','2022-12-25','2023-01-09','2023-01-08','DEVUELTO',5),(125,'2023-02-05','2023-02-10','2023-02-25','2023-02-24','DEVUELTO',5),(126,'2023-03-20','2023-03-25','2023-04-09','2023-04-08','DEVUELTO',5),(127,'2023-05-05','2023-05-10','2023-05-25','2023-05-24','DEVUELTO',5),(128,'2023-06-20','2023-06-25','2023-07-09','2023-07-08','DEVUELTO',5),(129,'2023-08-05','2023-08-10','2023-08-25','2023-08-24','DEVUELTO',5),(130,'2023-09-20','2023-09-25','2023-10-09','2023-10-08','DEVUELTO',5),(131,'2023-11-05','2023-11-10','2023-11-25','2023-11-24','DEVUELTO',5),(132,'2023-12-20','2023-12-25','2024-01-09','2024-01-08','DEVUELTO',5),(133,'2022-03-15','2022-03-20','2022-04-05',NULL,'PRESTADO',6),(134,'2022-05-05','2022-05-10','2022-05-25','2022-05-24','DEVUELTO',6),(135,'2022-06-20','2022-06-25','2022-07-09','2022-07-08','DEVUELTO',6),(136,'2022-08-05','2022-08-10','2022-08-25','2022-08-24','DEVUELTO',6),(137,'2022-09-20','2022-09-25','2022-10-09','2022-10-08','DEVUELTO',6),(138,'2022-11-05','2022-11-10','2022-11-25','2022-11-24','DEVUELTO',6),(139,'2022-12-20','2022-12-25','2023-01-09','2023-01-08','DEVUELTO',6),(140,'2023-02-05','2023-02-10','2023-02-25','2023-02-24','DEVUELTO',6),(141,'2023-03-20','2023-03-25','2023-04-09','2023-04-08','DEVUELTO',6),(142,'2023-05-05','2023-05-10','2023-05-25','2023-05-24','DEVUELTO',6),(143,'2023-06-20','2023-06-25','2023-07-09','2023-07-08','DEVUELTO',6),(144,'2023-08-05','2023-08-10','2023-08-25','2023-08-24','DEVUELTO',6),(145,'2023-09-20','2023-09-25','2023-10-09','2023-10-08','DEVUELTO',6),(146,'2023-11-05','2023-11-10','2023-11-25','2023-11-24','DEVUELTO',6),(147,'2023-12-20','2023-12-25','2024-01-09','2024-01-08','DEVUELTO',6),(148,'2021-01-15','2021-01-20','2021-02-05',NULL,'RESERVADO',7),(149,'2021-03-05','2021-03-10','2021-03-25','2021-03-24','DEVUELTO',7),(150,'2021-04-20','2021-04-25','2021-05-09','2021-05-08','DEVUELTO',7),(151,'2021-06-05','2021-06-10','2021-06-25','2021-06-24','DEVUELTO',7),(152,'2021-07-20','2021-07-25','2021-08-09','2021-08-08','DEVUELTO',7),(153,'2021-09-05','2021-09-10','2021-09-25','2021-09-24','DEVUELTO',7),(154,'2021-10-20','2021-10-25','2021-11-09','2021-11-08','DEVUELTO',7),(155,'2021-12-05','2021-12-10','2021-12-25','2021-12-24','DEVUELTO',7),(156,'2022-01-20','2022-01-25','2022-02-09','2022-02-08','DEVUELTO',7),(157,'2022-03-05','2022-03-10','2022-03-25','2022-03-24','DEVUELTO',7),(158,'2022-04-20','2022-04-25','2022-05-09','2022-05-08','DEVUELTO',7),(159,'2022-06-05','2022-06-10','2022-06-25','2022-06-24','DEVUELTO',7),(160,'2022-07-20','2022-07-25','2022-08-09','2022-08-08','DEVUELTO',7),(161,'2022-09-05','2022-09-10','2022-09-25','2022-09-24','DEVUELTO',7),(162,'2022-10-20','2022-10-25','2022-11-09','2022-11-08','DEVUELTO',7),(163,'2022-12-05','2022-12-10','2022-12-25','2022-12-24','DEVUELTO',7),(164,'2023-01-20','2023-01-25','2023-02-09','2023-02-08','DEVUELTO',7),(165,'2023-03-05','2023-03-10','2023-03-25','2023-03-24','DEVUELTO',7),(166,'2023-04-20','2023-04-25','2023-05-09','2023-05-08','DEVUELTO',7),(167,'2023-06-05','2023-06-10','2023-06-25','2023-06-24','DEVUELTO',7),(168,'2023-07-20','2023-07-25','2023-08-09','2023-08-08','DEVUELTO',7),(169,'2023-09-05','2023-09-10','2023-09-25','2023-09-24','DEVUELTO',7),(170,'2021-01-15','2021-01-20','2021-02-05',NULL,'PRESTADO',8),(171,'2021-03-05','2021-03-10','2021-03-25','2021-03-24','DEVUELTO',8),(172,'2021-04-20','2021-04-25','2021-05-09','2021-05-08','DEVUELTO',8),(173,'2021-06-05','2021-06-10','2021-06-25','2021-06-24','DEVUELTO',8),(174,'2021-07-20','2021-07-25','2021-08-09','2021-08-08','DEVUELTO',8),(175,'2021-09-05','2021-09-10','2021-09-25','2021-09-24','DEVUELTO',8),(176,'2021-10-20','2021-10-25','2021-11-09','2021-11-08','DEVUELTO',8),(177,'2021-12-05','2021-12-10','2021-12-25','2021-12-24','DEVUELTO',8),(178,'2022-01-20','2022-01-25','2022-02-09','2022-02-08','DEVUELTO',8),(179,'2022-03-05','2022-03-10','2022-03-25','2022-03-24','DEVUELTO',8),(180,'2022-04-20','2022-04-25','2022-05-09','2022-05-08','DEVUELTO',8),(181,'2022-06-05','2022-06-10','2022-06-25','2022-06-24','DEVUELTO',8),(182,'2022-07-20','2022-07-25','2022-08-09','2022-08-08','DEVUELTO',8),(183,'2022-09-05','2022-09-10','2022-09-25','2022-09-24','DEVUELTO',8),(184,'2022-10-20','2022-10-25','2022-11-09','2022-11-08','DEVUELTO',8),(185,'2022-12-05','2022-12-10','2022-12-25','2022-12-24','DEVUELTO',8),(186,'2023-01-20','2023-01-25','2023-02-09','2023-02-08','DEVUELTO',8),(187,'2023-03-05','2023-03-10','2023-03-25','2023-03-24','DEVUELTO',8),(188,'2023-04-20','2023-04-25','2023-05-09','2023-05-08','DEVUELTO',8),(189,'2023-06-05','2023-06-10','2023-06-25','2023-06-24','DEVUELTO',8),(190,'2023-07-20','2023-07-25','2023-08-09','2023-08-08','DEVUELTO',8),(191,'2023-09-05','2023-09-10','2023-09-25','2023-09-24','DEVUELTO',8),(192,'2021-01-15','2021-01-20','2021-02-05',NULL,'PRESTADO',9),(193,'2021-03-10','2021-03-15','2021-03-30','2021-03-30','DEVUELTO',9),(194,'2021-05-20','2021-05-25','2021-06-09','2021-06-09','DEVUELTO',9),(195,'2021-07-05','2021-07-10','2021-07-25','2021-07-25','DEVUELTO',9),(196,'2021-08-20','2021-08-25','2021-09-09','2021-09-09','DEVUELTO',9),(197,'2021-10-05','2021-10-10','2021-10-25','2021-10-25','DEVUELTO',9),(198,'2021-11-20','2021-11-25','2021-12-09','2021-12-09','DEVUELTO',9),(199,'2022-01-05','2022-01-10','2022-01-25','2022-01-25','DEVUELTO',9),(200,'2022-02-20','2022-02-25','2022-03-09','2022-03-09','DEVUELTO',9),(201,'2022-04-05','2022-04-10','2022-04-25','2022-04-25','DEVUELTO',9),(202,'2022-05-20','2022-05-25','2022-06-09','2022-06-09','DEVUELTO',9),(203,'2022-07-05','2022-07-10','2022-07-25','2022-07-25','DEVUELTO',9),(204,'2022-08-20','2022-08-25','2022-09-09','2022-09-09','DEVUELTO',9),(205,'2022-10-05','2022-10-10','2022-10-25','2022-10-25','DEVUELTO',9),(206,'2022-11-20','2022-11-25','2022-12-09','2022-12-09','DEVUELTO',9),(207,'2023-01-05','2023-01-10','2023-01-25','2023-01-25','DEVUELTO',9),(208,'2023-02-20','2023-02-25','2023-03-09','2023-03-09','DEVUELTO',9),(209,'2023-04-05','2023-04-10','2023-04-25','2023-04-25','DEVUELTO',9),(210,'2023-05-20','2023-05-25','2023-06-09','2023-06-09','DEVUELTO',9),(211,'2023-07-05','2023-07-10','2023-07-25','2023-07-25','DEVUELTO',9),(212,'2023-08-20','2023-08-25','2023-09-09','2023-09-09','DEVUELTO',9),(213,'2023-10-05','2023-10-10','2023-10-25','2023-10-25','DEVUELTO',9),(214,'2021-01-12','2021-01-17',NULL,NULL,'RESERVADO',10),(215,'2021-03-08','2021-03-13','2021-03-28','2021-03-28','DEVUELTO',10),(216,'2021-05-18','2021-05-23','2021-06-07','2021-06-07','DEVUELTO',10),(217,'2021-07-03','2021-07-08','2021-07-23','2021-07-23','DEVUELTO',10),(218,'2021-08-18','2021-08-23','2021-09-07','2021-09-07','DEVUELTO',10),(219,'2021-10-03','2021-10-08','2021-10-23','2021-10-23','DEVUELTO',10),(220,'2021-11-18','2021-11-23','2021-12-07','2021-12-07','DEVUELTO',10),(221,'2022-01-03','2022-01-08','2022-01-23','2022-01-23','DEVUELTO',10),(222,'2022-02-18','2022-02-23','2022-03-07','2022-03-07','DEVUELTO',10),(223,'2022-04-03','2022-04-08','2022-04-23','2022-04-23','DEVUELTO',10),(224,'2022-05-18','2022-05-23','2022-06-07','2022-06-07','DEVUELTO',10),(225,'2022-07-03','2022-07-08','2022-07-23','2022-07-23','DEVUELTO',10),(226,'2022-08-18','2022-08-23','2022-09-07','2022-09-07','DEVUELTO',10),(227,'2022-10-03','2022-10-08','2022-10-23','2022-10-23','DEVUELTO',10),(228,'2022-11-18','2022-11-23','2022-12-07','2022-12-07','DEVUELTO',10),(229,'2023-01-03','2023-01-08','2023-01-23','2023-01-23','DEVUELTO',10),(230,'2023-02-18','2023-02-23','2023-03-07','2023-03-07','DEVUELTO',10),(231,'2023-04-03','2023-04-08','2023-04-23','2023-04-23','DEVUELTO',10),(232,'2023-05-18','2023-05-23','2023-06-07','2023-06-07','DEVUELTO',10),(233,'2023-07-03','2023-07-08','2023-07-23','2023-07-23','DEVUELTO',10),(234,'2023-08-18','2023-08-23','2023-09-07','2023-09-07','DEVUELTO',10),(235,'2023-10-03','2023-10-08','2023-10-23','2023-10-23','DEVUELTO',10),(236,'2021-01-14','2021-01-19','2021-01-30',NULL,'PRESTADO',11),(237,'2021-03-10','2021-03-15','2021-03-30','2021-03-30','DEVUELTO',11),(238,'2021-05-20','2021-05-25','2021-06-09','2021-06-09','DEVUELTO',11),(239,'2021-07-05','2021-07-10','2021-07-25','2021-07-25','DEVUELTO',11),(240,'2021-08-20','2021-08-25','2021-09-09','2021-09-09','DEVUELTO',11),(241,'2021-10-05','2021-10-10','2021-10-25','2021-10-25','DEVUELTO',11),(242,'2021-11-20','2021-11-25','2021-12-09','2021-12-09','DEVUELTO',11),(243,'2022-01-05','2022-01-10','2022-01-25','2022-01-25','DEVUELTO',11),(244,'2022-02-20','2022-02-25','2022-03-09','2022-03-09','DEVUELTO',11),(245,'2022-04-05','2022-04-10','2022-04-25','2022-04-25','DEVUELTO',11),(246,'2022-05-20','2022-05-25','2022-06-09','2022-06-09','DEVUELTO',11),(247,'2022-07-05','2022-07-10','2022-07-25','2022-07-25','DEVUELTO',11),(248,'2022-08-20','2022-08-25','2022-09-09','2022-09-09','DEVUELTO',11),(249,'2022-10-05','2022-10-10','2022-10-25','2022-10-25','DEVUELTO',11),(250,'2022-11-20','2022-11-25','2022-12-09','2022-12-09','DEVUELTO',11),(251,'2023-01-05','2023-01-10','2023-01-25','2023-01-25','DEVUELTO',11),(252,'2023-02-20','2023-02-25','2023-03-09','2023-03-09','DEVUELTO',11),(253,'2023-04-05','2023-04-10','2023-04-25','2023-04-25','DEVUELTO',11),(254,'2023-05-20','2023-05-25','2023-06-09','2023-06-09','DEVUELTO',11),(255,'2023-07-05','2023-07-10','2023-07-25','2023-07-25','DEVUELTO',11),(256,'2023-08-20','2023-08-25','2023-09-09','2023-09-09','DEVUELTO',11),(257,'2023-10-05','2023-10-10','2023-10-25','2023-10-25','DEVUELTO',11),(258,'2021-01-14','2021-01-19','2021-01-24',NULL,'RESERVADO',12),(259,'2021-03-10','2021-03-15','2021-03-20','2021-03-20','DEVUELTO',12),(260,'2021-05-20','2021-05-25','2021-05-30','2021-05-30','DEVUELTO',12),(261,'2021-07-05','2021-07-10','2021-07-15','2021-07-15','DEVUELTO',12),(262,'2021-08-20','2021-08-25','2021-08-30','2021-08-30','DEVUELTO',12),(263,'2021-10-05','2021-10-10','2021-10-15','2021-10-15','DEVUELTO',12),(264,'2021-11-20','2021-11-25','2021-11-30','2021-11-30','DEVUELTO',12),(265,'2022-01-05','2022-01-10','2022-01-15','2022-01-15','DEVUELTO',12),(266,'2022-02-20','2022-02-25','2022-03-01','2022-03-01','DEVUELTO',12),(267,'2022-04-05','2022-04-10','2022-04-15','2022-04-15','DEVUELTO',12),(268,'2022-05-20','2022-05-25','2022-05-30','2022-05-30','DEVUELTO',12),(269,'2022-07-05','2022-07-10','2022-07-15','2022-07-15','DEVUELTO',12),(270,'2022-08-20','2022-08-25','2022-08-30','2022-08-30','DEVUELTO',12),(271,'2022-10-05','2022-10-10','2022-10-15','2022-10-15','DEVUELTO',12),(272,'2022-11-20','2022-11-25','2022-11-30','2022-11-30','DEVUELTO',12),(273,'2023-01-05','2023-01-10','2023-01-15','2023-01-15','DEVUELTO',12),(274,'2023-02-20','2023-02-25','2023-03-01','2023-03-01','DEVUELTO',12),(275,'2023-04-05','2023-04-10','2023-04-15','2023-04-15','DEVUELTO',12),(276,'2023-05-20','2023-05-25','2023-05-30','2023-05-30','DEVUELTO',12),(277,'2023-07-05','2023-07-10','2023-07-15','2023-07-15','DEVUELTO',12),(278,'2023-08-20','2023-08-25','2023-08-30','2023-08-30','DEVUELTO',12),(279,'2023-10-05','2023-10-10','2023-10-15','2023-10-15','DEVUELTO',12),(280,'2021-01-21','2021-01-28','2021-02-04',NULL,'PRESTADO',13),(281,'2021-03-17','2021-03-24','2021-03-31','2021-03-31','DEVUELTO',13),(282,'2021-05-27','2021-06-03','2021-06-10','2021-06-10','DEVUELTO',13),(283,'2021-07-12','2021-07-19','2021-07-26','2021-07-26','DEVUELTO',13),(284,'2021-08-27','2021-09-03','2021-09-10','2021-09-10','DEVUELTO',13),(285,'2021-10-12','2021-10-19','2021-10-26','2021-10-26','DEVUELTO',13),(286,'2021-11-27','2021-12-04','2021-12-11','2021-12-11','DEVUELTO',13),(287,'2022-01-12','2022-01-19','2022-01-26','2022-01-26','DEVUELTO',13),(288,'2022-02-27','2022-03-06','2022-03-13','2022-03-13','DEVUELTO',13),(289,'2022-04-12','2022-04-19','2022-04-26','2022-04-26','DEVUELTO',13),(290,'2022-05-27','2022-06-03','2022-06-10','2022-06-10','DEVUELTO',13),(291,'2022-07-12','2022-07-19','2022-07-26','2022-07-26','DEVUELTO',13),(292,'2022-08-27','2022-09-03','2022-09-10','2022-09-10','DEVUELTO',13),(293,'2022-10-12','2022-10-19','2022-10-26','2022-10-26','DEVUELTO',13),(294,'2022-11-27','2022-12-04','2022-12-11','2022-12-11','DEVUELTO',13),(295,'2023-01-12','2023-01-19','2023-01-26','2023-01-26','DEVUELTO',13),(296,'2023-02-27','2023-03-06','2023-03-13','2023-03-13','DEVUELTO',13),(297,'2023-04-12','2023-04-19','2023-04-26','2023-04-26','DEVUELTO',13),(298,'2023-05-27','2023-06-03','2023-06-10','2023-06-10','DEVUELTO',13),(299,'2023-07-12','2023-07-19','2023-07-26','2023-07-26','DEVUELTO',13),(300,'2023-08-27','2023-09-03','2023-09-10','2023-09-10','DEVUELTO',13),(301,'2023-10-12','2023-10-19','2023-10-26','2023-10-26','DEVUELTO',13),(302,'2021-07-01','2021-08-01','2021-09-01',NULL,'RESERVADO',14),(303,'2021-10-01','2021-11-01','2021-12-01','2021-12-01','DEVUELTO',14),(304,'2022-01-01','2022-02-01','2022-03-01','2022-03-01','DEVUELTO',14),(305,'2022-04-01','2022-05-01','2022-06-01','2022-06-01','DEVUELTO',14),(306,'2022-07-01','2022-08-01','2022-09-01','2022-09-01','DEVUELTO',14),(307,'2022-10-01','2022-11-01','2022-12-01','2022-12-01','DEVUELTO',14),(308,'2023-01-01','2023-02-01','2023-03-01','2023-03-01','DEVUELTO',14),(309,'2023-04-01','2023-05-01','2023-06-01','2023-06-01','DEVUELTO',14),(310,'2023-07-01','2023-08-01','2023-09-01','2023-09-01','DEVUELTO',14),(311,'2023-10-01','2023-11-01','2023-12-01','2023-12-01','DEVUELTO',14),(312,'2021-07-01','2021-08-01','2021-09-01',NULL,'RESERVADO',15),(313,'2021-10-01','2021-11-01','2021-12-01','2021-12-01','DEVUELTO',15),(314,'2022-01-01','2022-02-01','2022-03-01','2022-03-01','DEVUELTO',15),(315,'2022-04-01','2022-05-01','2022-06-01','2022-06-01','DEVUELTO',15),(316,'2022-07-01','2022-08-01','2022-09-01','2022-09-01','DEVUELTO',15),(317,'2022-10-01','2022-11-01','2022-12-01','2022-12-01','DEVUELTO',15),(318,'2023-01-01','2023-02-01','2023-03-01','2023-03-01','DEVUELTO',15),(319,'2023-04-01','2023-05-01','2023-06-01','2023-06-01','DEVUELTO',15),(320,'2023-07-01','2023-08-01','2023-09-01','2023-09-01','DEVUELTO',15),(321,'2023-10-01','2023-11-01','2023-12-01','2023-12-01','DEVUELTO',15),(322,'2021-07-04','2021-08-04','2021-09-04',NULL,'PRESTADO',16),(323,'2021-10-04','2021-11-04','2021-12-04','2021-12-04','DEVUELTO',16),(324,'2022-01-04','2022-02-04','2022-03-04','2022-03-04','DEVUELTO',16),(325,'2022-04-04','2022-05-04','2022-06-04','2022-06-04','DEVUELTO',16),(326,'2022-07-04','2022-08-04','2022-09-04','2022-09-04','DEVUELTO',16),(327,'2022-10-04','2022-11-04','2022-12-04','2022-12-04','DEVUELTO',16),(328,'2023-01-04','2023-02-04','2023-03-04','2023-03-04','DEVUELTO',16),(329,'2023-04-04','2023-05-04','2023-06-04','2023-06-04','DEVUELTO',16),(330,'2023-07-04','2023-08-04','2023-09-04','2023-09-04','DEVUELTO',16),(331,'2023-10-04','2023-11-04','2023-12-04','2023-12-04','DEVUELTO',16),(332,'2021-07-23','2021-08-23','2021-09-23',NULL,'RESERVADO',18),(333,'2021-10-23','2021-11-23','2021-12-23','2021-12-23','DEVUELTO',18),(334,'2022-01-23','2022-02-23','2022-03-23','2022-03-23','DEVUELTO',18),(335,'2022-04-23','2022-05-23','2022-06-23','2022-06-23','DEVUELTO',18),(336,'2022-07-23','2022-08-23','2022-09-23','2022-09-23','DEVUELTO',18),(337,'2022-10-23','2022-11-23','2022-12-23','2022-12-23','DEVUELTO',18),(338,'2023-01-23','2023-02-23','2023-03-23','2023-03-23','DEVUELTO',18),(339,'2023-04-23','2023-05-23','2023-06-23','2023-06-23','DEVUELTO',18),(340,'2023-07-23','2023-08-23','2023-09-23','2023-09-23','DEVUELTO',18),(341,'2023-10-23','2023-11-23','2023-12-23','2023-12-23','DEVUELTO',18),(342,'2021-12-13','2022-01-13','2022-02-13','2022-02-13','DEVUELTO',18),(343,'2022-02-20','2022-03-20','2022-04-20','2022-04-20','DEVUELTO',18),(344,'2022-05-05','2022-06-05','2022-07-05','2022-07-05','DEVUELTO',18),(345,'2022-08-15','2022-09-15','2022-10-15','2022-10-15','DEVUELTO',18),(346,'2022-11-27','2022-12-27','2023-01-27','2023-01-27','DEVUELTO',18),(347,'2023-02-09','2023-03-09','2023-04-09','2023-04-09','DEVUELTO',18),(348,'2023-05-21','2023-06-21','2023-07-21','2023-07-21','DEVUELTO',18),(349,'2023-08-02','2023-09-02','2023-10-02','2023-10-02','DEVUELTO',18),(350,'2027-01-28','2027-02-28','2027-03-28','2027-03-28','DEVUELTO',18),(351,'2027-04-11','2027-05-11','2027-06-11','2027-06-11','DEVUELTO',18),(352,'2027-07-23','2027-08-23','2027-09-23','2027-09-23','DEVUELTO',18),(353,'2027-10-04','2027-11-04','2027-12-04','2027-12-04','DEVUELTO',18),(354,'2028-01-16','2028-02-16','2028-03-16','2028-03-16','DEVUELTO',18),(355,'2028-04-29','2028-05-29','2028-06-29','2028-06-29','DEVUELTO',18),(356,'2028-08-10','2028-09-10','2028-10-10','2028-10-10','DEVUELTO',18),(357,'2028-11-21','2028-12-21','2029-01-21','2029-01-21','DEVUELTO',18),(358,'2029-02-02','2029-03-02','2029-04-02','2029-04-02','DEVUELTO',18),(359,'2029-05-15','2029-06-15','2029-07-15','2029-07-15','DEVUELTO',18),(360,'2029-08-26','2029-09-26','2029-10-26','2029-10-26','DEVUELTO',18),(361,'2029-12-07','2030-01-07','2030-02-07','2030-02-07','DEVUELTO',18),(362,'2030-02-19','2030-03-19','2030-04-19','2030-04-19','DEVUELTO',18),(363,'2030-06-01','2030-07-01','2030-08-01','2030-08-01','DEVUELTO',18),(364,'2030-09-12','2030-10-12','2030-11-12','2030-11-12','DEVUELTO',18),(365,'2022-05-15','2022-06-15','2022-07-15',NULL,'PRESTADO',19),(366,'2022-08-26','2022-09-26','2022-10-26','2022-10-26','DEVUELTO',19),(367,'2022-11-07','2022-12-07','2023-01-07','2023-01-07','DEVUELTO',19),(368,'2023-02-18','2023-03-18','2023-04-18','2023-04-18','DEVUELTO',19),(369,'2023-05-01','2023-06-01','2023-07-01','2023-07-01','DEVUELTO',19),(370,'2023-08-12','2023-09-12','2023-10-12','2023-10-12','DEVUELTO',19),(371,'2023-11-23','2023-12-23','2024-01-23','2024-01-23','DEVUELTO',19),(372,'2027-02-04','2027-03-04','2027-04-04','2027-04-04','DEVUELTO',19),(373,'2027-05-17','2027-06-17','2027-07-17','2027-07-17','DEVUELTO',19),(374,'2027-08-28','2027-09-28','2027-10-28','2027-10-28','DEVUELTO',19),(375,'2027-12-09','2028-01-09','2028-02-09','2028-02-09','DEVUELTO',19),(376,'2028-03-22','2028-04-22','2028-05-22','2028-05-22','DEVUELTO',19),(377,'2028-07-02','2028-08-02','2028-09-02','2028-09-02','DEVUELTO',19),(378,'2028-10-13','2028-11-13','2028-12-13','2028-12-13','DEVUELTO',19),(379,'2029-01-25','2029-02-25','2029-03-25','2029-03-25','DEVUELTO',19),(380,'2029-05-07','2029-06-07','2029-07-07','2029-07-07','DEVUELTO',19),(381,'2029-08-18','2029-09-18','2029-10-18','2029-10-18','DEVUELTO',19),(382,'2029-11-29','2029-12-29','2030-01-29','2030-01-29','DEVUELTO',19),(383,'2030-03-12','2030-04-12','2030-05-12','2030-05-12','DEVUELTO',19),(384,'2030-06-23','2030-07-23','2030-08-23','2030-08-23','DEVUELTO',19),(385,'2030-10-04','2030-11-04','2030-12-04','2030-12-04','DEVUELTO',19),(386,'2022-06-15','2022-07-25','2022-08-25',NULL,'PRESTADO',20),(387,'2022-09-26','2022-10-06','2022-11-06','2022-11-06','DEVUELTO',20),(388,'2022-12-07','2022-12-17','2023-01-17','2023-01-17','DEVUELTO',20),(389,'2023-03-18','2023-03-28','2023-04-28','2023-04-28','DEVUELTO',20),(390,'2023-06-01','2023-06-11','2023-07-11','2023-07-11','DEVUELTO',20),(391,'2023-09-12','2023-09-22','2023-10-22','2023-10-22','DEVUELTO',20),(392,'2023-12-23','2024-01-02','2024-02-02','2024-02-02','DEVUELTO',20),(393,'2027-03-04','2027-03-14','2027-04-14','2027-04-14','DEVUELTO',20),(394,'2027-06-17','2027-06-27','2027-07-27','2027-07-27','DEVUELTO',20),(395,'2027-09-28','2027-10-08','2027-11-08','2027-11-08','DEVUELTO',20),(396,'2028-01-09','2028-01-19','2028-02-19','2028-02-19','DEVUELTO',20),(397,'2028-04-22','2028-05-02','2028-06-02','2028-06-02','DEVUELTO',20),(398,'2028-08-02','2028-08-12','2028-09-12','2028-09-12','DEVUELTO',20),(399,'2028-11-13','2028-11-23','2028-12-23','2028-12-23','DEVUELTO',20),(400,'2029-02-25','2029-03-06','2029-04-06','2029-04-06','DEVUELTO',20),(401,'2029-06-07','2029-06-17','2029-07-17','2029-07-17','DEVUELTO',20),(402,'2029-09-18','2029-09-28','2029-10-28','2029-10-28','DEVUELTO',20),(403,'2029-12-29','2030-01-08','2030-02-08','2030-02-08','DEVUELTO',20),(443,'2024-01-19','2024-01-19','2024-01-22','2024-01-22','DEVUELTO',91),(444,'2024-01-19','2024-01-22','2024-01-25',NULL,'RESERVADO',91),(445,'2024-01-19','2024-01-22','2024-01-25','2024-01-26','DEVUELTO',90),(446,'2024-01-19','2024-01-22','2024-01-25','2024-01-25','DEVUELTO',90),(447,'2024-01-19','2024-01-23','2024-01-26',NULL,'RESERVADO',90),(448,'2024-01-19','2024-01-24','2024-01-27',NULL,'RESERVADO',92);
/*!40000 ALTER TABLE `prestamos` ENABLE KEYS */;
UNLOCK TABLES;

--
-- Table structure for table `prestamos_inventario`
--

DROP TABLE IF EXISTS `prestamos_inventario`;
/*!40101 SET @saved_cs_client     = @@character_set_client */;
/*!50503 SET character_set_client = utf8mb4 */;
CREATE TABLE `prestamos_inventario` (
  `id` bigint NOT NULL AUTO_INCREMENT,
  `prestamo_id` bigint NOT NULL,
  `inventario_id` bigint NOT NULL,
  PRIMARY KEY (`id`),
  UNIQUE KEY `prestamos_inventario_prestamo_id_inventario_id_2ca85fc4_uniq` (`prestamo_id`,`inventario_id`),
  KEY `prestamos_inventario_inventario_id_3e331ec0_fk_inventarios_id` (`inventario_id`),
  CONSTRAINT `prestamos_inventario_inventario_id_3e331ec0_fk_inventarios_id` FOREIGN KEY (`inventario_id`) REFERENCES `inventarios` (`id`),
  CONSTRAINT `prestamos_inventario_prestamo_id_9ecd74f8_fk_prestamos_id` FOREIGN KEY (`prestamo_id`) REFERENCES `prestamos` (`id`)
) ENGINE=InnoDB AUTO_INCREMENT=614 DEFAULT CHARSET=utf8mb4 COLLATE=utf8mb4_0900_ai_ci;
/*!40101 SET character_set_client = @saved_cs_client */;

--
-- Dumping data for table `prestamos_inventario`
--

LOCK TABLES `prestamos_inventario` WRITE;
/*!40000 ALTER TABLE `prestamos_inventario` DISABLE KEYS */;
INSERT INTO `prestamos_inventario` VALUES (113,1,1),(265,11,142),(143,14,211),(276,17,120),(254,19,81),(134,19,256),(304,22,83),(234,25,14),(284,28,100),(159,30,77),(169,33,135),(310,33,195),(584,42,99),(326,43,76),(263,47,22),(240,48,115),(292,48,249),(278,49,79),(333,51,123),(151,52,83),(173,54,102),(231,54,167),(299,54,238),(136,55,208),(313,56,222),(590,62,79),(253,62,196),(560,63,14),(165,63,95),(280,63,240),(545,64,223),(470,65,166),(268,65,248),(339,66,14),(146,66,124),(236,67,242),(569,70,136),(290,73,23),(317,74,50),(257,76,78),(465,76,87),(593,77,56),(178,77,113),(271,80,111),(329,81,92),(572,82,5),(287,82,114),(555,82,192),(243,83,156),(154,85,132),(472,87,187),(140,88,103),(307,89,207),(598,89,237),(337,90,187),(295,91,46),(246,91,96),(261,92,95),(171,92,176),(479,92,248),(460,93,174),(581,94,3),(541,95,37),(162,95,154),(577,97,32),(320,98,125),(547,99,235),(232,102,218),(476,102,252),(282,105,77),(564,106,233),(251,108,53),(139,108,184),(168,110,88),(467,110,185),(311,112,143),(273,114,200),(588,115,101),(324,116,32),(297,116,92),(558,116,207),(149,117,138),(576,118,86),(259,118,218),(156,119,106),(595,119,188),(543,119,258),(237,121,35),(249,121,200),(463,122,123),(552,125,52),(315,127,67),(302,127,198),(270,131,43),(145,133,161),(592,134,32),(331,135,17),(574,135,110),(478,135,117),(245,136,186),(285,139,33),(556,139,149),(160,142,214),(255,144,38),(546,144,108),(305,145,17),(177,146,199),(469,147,245),(566,148,96),(466,153,130),(586,156,27),(275,157,37),(568,157,191),(318,159,99),(309,160,208),(137,164,42),(473,168,33),(262,168,187),(322,168,203),(153,168,213),(289,169,136),(597,171,111),(158,173,143),(565,173,160),(266,173,199),(241,174,205),(540,175,101),(550,178,45),(293,179,151),(300,181,74),(583,181,145),(575,181,193),(462,183,64),(233,183,132),(279,184,15),(335,184,234),(563,185,47),(170,187,46),(174,189,57),(281,192,162),(142,192,177),(554,193,237),(248,196,22),(166,197,180),(327,197,239),(559,198,71),(580,199,117),(150,201,186),(314,203,111),(258,203,147),(272,207,256),(594,208,178),(286,213,184),(562,214,29),(548,215,111),(464,215,218),(477,219,39),(238,220,107),(330,223,135),(571,225,119),(585,227,14),(244,229,33),(291,231,169),(475,231,201),(567,234,219),(308,235,125),(252,235,231),(334,236,69),(269,238,166),(274,241,12),(589,243,22),(148,243,94),(321,243,166),(260,245,12),(296,245,174),(599,247,87),(164,249,123),(542,250,182),(551,252,170),(316,254,179),(303,257,49),(582,258,76),(557,261,95),(176,263,74),(338,264,45),(461,264,97),(283,266,211),(144,269,82),(553,270,125),(332,270,194),(256,271,107),(578,271,142),(325,274,155),(247,277,124),(468,277,215),(161,278,37),(298,278,56),(277,284,246),(561,287,66),(312,287,78),(573,292,50),(549,292,76),(596,293,15),(264,294,61),(157,294,72),(336,294,108),(587,295,62),(135,297,120),(323,297,121),(294,299,115),(242,300,49),(267,300,87),(301,300,133),(591,301,52),(230,301,78),(471,301,95),(570,303,97),(172,305,223),(579,306,20),(544,307,130),(328,308,57),(288,310,98),(306,314,55),(474,314,58),(319,315,88),(152,316,55),(175,318,132),(141,322,47),(167,325,108),(250,327,163),(239,359,255),(163,371,201),(138,372,89),(155,374,189),(235,390,192),(179,392,33),(147,395,35),(601,443,13),(600,443,35),(602,444,26),(603,444,30),(604,445,240),(605,445,241),(606,445,242),(607,446,50),(608,446,53),(610,447,13),(609,447,16),(613,448,13),(611,448,240),(612,448,241);
/*!40000 ALTER TABLE `prestamos_inventario` ENABLE KEYS */;
UNLOCK TABLES;

--
-- Table structure for table `tipos_actividades`
--

DROP TABLE IF EXISTS `tipos_actividades`;
/*!40101 SET @saved_cs_client     = @@character_set_client */;
/*!50503 SET character_set_client = utf8mb4 */;
CREATE TABLE `tipos_actividades` (
  `id` bigint NOT NULL AUTO_INCREMENT,
  `nombre` varchar(60) NOT NULL,
  PRIMARY KEY (`id`)
) ENGINE=InnoDB AUTO_INCREMENT=13 DEFAULT CHARSET=utf8mb4 COLLATE=utf8mb4_0900_ai_ci;
/*!40101 SET character_set_client = @saved_cs_client */;

--
-- Dumping data for table `tipos_actividades`
--

LOCK TABLES `tipos_actividades` WRITE;
/*!40000 ALTER TABLE `tipos_actividades` DISABLE KEYS */;
INSERT INTO `tipos_actividades` VALUES (9,'Webinar'),(10,'Taller'),(11,'Seminario'),(12,'Capacitación');
/*!40000 ALTER TABLE `tipos_actividades` ENABLE KEYS */;
UNLOCK TABLES;

--
-- Table structure for table `tipos_documentos`
--

DROP TABLE IF EXISTS `tipos_documentos`;
/*!40101 SET @saved_cs_client     = @@character_set_client */;
/*!50503 SET character_set_client = utf8mb4 */;
CREATE TABLE `tipos_documentos` (
  `id` bigint NOT NULL AUTO_INCREMENT,
  `tipo` varchar(50) NOT NULL,
  PRIMARY KEY (`id`)
) ENGINE=InnoDB AUTO_INCREMENT=11 DEFAULT CHARSET=utf8mb4 COLLATE=utf8mb4_0900_ai_ci;
/*!40101 SET character_set_client = @saved_cs_client */;

--
-- Dumping data for table `tipos_documentos`
--

LOCK TABLES `tipos_documentos` WRITE;
/*!40000 ALTER TABLE `tipos_documentos` DISABLE KEYS */;
INSERT INTO `tipos_documentos` VALUES (1,'Libro'),(2,'Artículo'),(3,'Boletín'),(4,'Catalogo'),(5,'Monografía'),(6,'Revista'),(7,'Folleto'),(8,'Manual'),(10,'Tesis');
/*!40000 ALTER TABLE `tipos_documentos` ENABLE KEYS */;
UNLOCK TABLES;

--
-- Table structure for table `tipos_usuarios`
--

DROP TABLE IF EXISTS `tipos_usuarios`;
/*!40101 SET @saved_cs_client     = @@character_set_client */;
/*!50503 SET character_set_client = utf8mb4 */;
CREATE TABLE `tipos_usuarios` (
  `id` bigint NOT NULL AUTO_INCREMENT,
  `tipo` varchar(20) NOT NULL,
  PRIMARY KEY (`id`)
) ENGINE=InnoDB AUTO_INCREMENT=4 DEFAULT CHARSET=utf8mb4 COLLATE=utf8mb4_0900_ai_ci;
/*!40101 SET character_set_client = @saved_cs_client */;

--
-- Dumping data for table `tipos_usuarios`
--

LOCK TABLES `tipos_usuarios` WRITE;
/*!40000 ALTER TABLE `tipos_usuarios` DISABLE KEYS */;
INSERT INTO `tipos_usuarios` VALUES (1,'Administrador'),(2,'Estudiante'),(3,'Docente');
/*!40000 ALTER TABLE `tipos_usuarios` ENABLE KEYS */;
UNLOCK TABLES;

--
-- Table structure for table `usuarios`
--

DROP TABLE IF EXISTS `usuarios`;
/*!40101 SET @saved_cs_client     = @@character_set_client */;
/*!50503 SET character_set_client = utf8mb4 */;
CREATE TABLE `usuarios` (
  `id` bigint NOT NULL AUTO_INCREMENT,
  `password` varchar(128) NOT NULL,
  `last_login` datetime(6) DEFAULT NULL,
  `is_superuser` tinyint(1) NOT NULL,
  `username` varchar(150) NOT NULL,
  `first_name` varchar(150) NOT NULL,
  `last_name` varchar(150) NOT NULL,
  `email` varchar(254) NOT NULL,
  `is_staff` tinyint(1) NOT NULL,
  `is_active` tinyint(1) NOT NULL,
  `date_joined` datetime(6) NOT NULL,
  `codigo_insti` varchar(10) DEFAULT NULL,
  `dni` varchar(8) DEFAULT NULL,
  `celular` varchar(9) DEFAULT NULL,
  `image` longtext,
  `biblioteca_id` bigint DEFAULT NULL,
  `escuela_id` bigint DEFAULT NULL,
  `tipo_usuario_id` bigint DEFAULT NULL,
  PRIMARY KEY (`id`),
  UNIQUE KEY `username` (`username`),
  KEY `usuarios_biblioteca_id_e55439a5_fk_bibliotecas_id` (`biblioteca_id`),
  KEY `usuarios_escuela_id_7ac951a1_fk_escuelas_id` (`escuela_id`),
  KEY `usuarios_tipo_usuario_id_1ccb5164_fk_tipos_usuarios_id` (`tipo_usuario_id`),
  CONSTRAINT `usuarios_biblioteca_id_e55439a5_fk_bibliotecas_id` FOREIGN KEY (`biblioteca_id`) REFERENCES `bibliotecas` (`id`),
  CONSTRAINT `usuarios_escuela_id_7ac951a1_fk_escuelas_id` FOREIGN KEY (`escuela_id`) REFERENCES `escuelas` (`id`),
  CONSTRAINT `usuarios_tipo_usuario_id_1ccb5164_fk_tipos_usuarios_id` FOREIGN KEY (`tipo_usuario_id`) REFERENCES `tipos_usuarios` (`id`)
) ENGINE=InnoDB AUTO_INCREMENT=93 DEFAULT CHARSET=utf8mb4 COLLATE=utf8mb4_0900_ai_ci;
/*!40101 SET character_set_client = @saved_cs_client */;

--
-- Dumping data for table `usuarios`
--

LOCK TABLES `usuarios` WRITE;
/*!40000 ALTER TABLE `usuarios` DISABLE KEYS */;
INSERT INTO `usuarios` VALUES (1,'pbkdf2_sha256$600000$ohWVEx08H1XSETbrjiouJ8$Pah8t3eG1cBw3/ivjG67bdj8pDRJJRctOEgcgDWUP9o=','2024-01-19 22:39:12.616020',1,'2019230765@unfv.edu.pe','Ignacio','Diaz','ignaciodiazbr@gmail.com',1,1,'2023-12-18 10:09:50.000000','2019230765','77481812','960244650','',1,1,1),(2,'pbkdf2_sha256$600000$uteNbDx6Omk8VJMWA69sMk$SFqDskbpJsUDj1mOpThk/pbejlVMp49gKWQrnDAqEFM=',NULL,0,'2019230747@unfv.edu.pe','Mijael','Castro','mijaelcastro@gmail.com',0,1,'2023-12-31 20:42:22.000000','2019230747','70843695','965875321','https://firebasestorage.googleapis.com/v0/b/react-firebase-images-c0c54.appspot.com/o/usuarios%2Fperfil-foto%2F2019230747?alt=media&token=1b86f363-91b6-4a69-8e42-e7ce78684a1e',1,1,2),(3,'pbkdf2_sha256$600000$ksfyNYAEBXkWBqXINL7lOe$06k+mZYOd2E2XGPQ3J2KCCnqQaNYtZPswXXjoQBWlT0=',NULL,0,'2019230123@unfv.edu.pe','Fernando','Torres','fernandotorres@gmail.com',0,1,'2024-01-06 01:57:46.000000','2019230123','77482821','960784650','https://firebasestorage.googleapis.com/v0/b/react-firebase-images-c0c54.appspot.com/o/usuarios%2Fperfil-foto%2F2019230123?alt=media&token=b77ebe2d-dc5f-416c-95fa-8e9a673b003a',1,1,2),(4,'pbkdf2_sha256$600000$zYmI5xj65FHwZ2zFKJmZ8p$rATo2wbNu9Xaep7JUpB/Xb/oWoVs5xskmMqBmKrxBIk=',NULL,0,'2019230456@unfv.edu.pe','Rodrigo','Tumba','rodrigo@gmail.com',0,1,'2024-01-06 10:40:35.000000','2019230456','70843695','965875321','https://firebasestorage.googleapis.com/v0/b/react-firebase-images-c0c54.appspot.com/o/usuarios%2Fperfil-foto%2F2019230456?alt=media&token=02d1524f-ee62-49b5-b948-244bb3266d34',1,1,3),(5,'pbkdf2_sha256$600000$KpFJM4EsVMowr4b3TCOnJO$+OnzS6GKBHQKY9uKl7Y9vXVBF33HK160c/QPnvn0o1Y=',NULL,0,'2019230701@unfv.edu.pe','Estefania','Guerrero Diaz','estefania@gmail.com',0,1,'2024-01-08 18:11:57.000000','2019230701','77482821','965875321','',1,1,2),(6,'pbkdf2_sha256$600000$px4kBG1OaRheCaAz7y7jBo$/tDHDg8qCx3h/SeIp3KAz+M+Cf5AqkzRXZXbGlIFXsw=',NULL,0,'2019230702@unfv.edu.pe','Gerald','Torres','gerald@gmail.com',0,1,'2024-01-08 18:22:42.000000','2019230702','77482702','960244702','',1,4,2),(7,'pbkdf2_sha256$600000$RPeqeTpQ6HZ59i9lzJTvox$5wp2ALPNvi8x6FAhsriP7Hn+k7M4A+lvmlBV5z7+idE=',NULL,0,'2019230703@unfv.edu.pe','Johan','Ferreyra','johan@gmail.com',0,1,'2024-01-08 18:25:23.000000','2019230703','77482703','960244703','',1,4,2),(8,'pbkdf2_sha256$600000$RCLRkELBKweMy0RbMwa3NK$F7oB8CYrzr9DenbkfA3co6DgJy/uPDTKXgey3Iw+VBo=',NULL,0,'2019230704@unfv.edu.pe','Octavio','Hernandez','octavio@gmail.com',0,1,'2024-01-08 18:29:52.000000','2019230704','68282704','960123704','',1,1,2),(9,'pbkdf2_sha256$600000$Embi7LPKKaqA2xYc8pJ38Z$X0nAhisccaCCsHTytkqAUdEYqFAsjjqDe5mBHcwsNes=',NULL,0,'2019230705@unfv.edu.pe','Kiara','Torres','kiaratorres@gmail.com',0,1,'2024-01-08 18:53:26.000000','2019230705','85246301','980284705','',18,49,2),(10,'pbkdf2_sha256$600000$Jof4GhKdwOkhSX0oBdiPQW$Mauk1M7Bpm2M+i2bVL0DYsUwkRJOJNW6m1ChHQLfjw0=',NULL,0,'2019230706@unfv.edu.pe','Lorenzo','Gutierrez','lorengogutierrez@gmail.com',0,1,'2024-01-08 18:56:20.000000','2019230706','57866301','964584705','',18,49,2),(11,'pbkdf2_sha256$600000$ClbmUoTNOxtlPxvLhUEyvD$rgvEZvHKo/R7dPUglG7nZqikKFNWUWxJCOmoggVjg+U=',NULL,0,'2019230707@unfv.edu.pe','Carlos','Mendoza','carlosmendoza@gmail.com',0,1,'2024-01-08 18:58:36.000000','2019230707','57852101','963334705','',18,49,2),(12,'pbkdf2_sha256$600000$rD2XpaSV8IneT3cyKpZK5j$IfdlGHKOVzZz9Sqf0OUfUO1DblQshetYPTPnh7BbsmU=',NULL,0,'2019230708@unfv.edu.pe','Marta','Diaz','martadiaz@gmail.com',0,1,'2024-01-08 19:04:06.762696','2019230708','57345101','966534705',NULL,18,49,2),(13,'pbkdf2_sha256$600000$BLEofaCJfi5zS82x9qYFOV$t3+kYsHXaW9+nn/m/e/HSJQp2tJKuaWx4xcLa9vU4MY=',NULL,0,'2019230709@unfv.edu.pe','Jean','Belaunde','jeanbelaunde@gmail.com',0,1,'2024-01-08 19:21:10.269758','2019230709','42345101','988534205',NULL,18,49,2),(14,'pbkdf2_sha256$600000$knN8xUih3VaKgDn6qvl4zt$LftjOHer59Oubi+usZpzXSyY81NJKLmupkr0hhcy2N0=',NULL,0,'2019230710@unfv.edu.pe','Kristal','Valverde','kristalvalverde@gmail.com',0,1,'2024-01-08 19:55:28.015722','2019230710','23645101','987434205',NULL,18,49,2),(15,'pbkdf2_sha256$600000$ZJbq4tudhBswaBr1XLRfN7$3BGMrYIzyNZkB3YXDmuqgih9e0MMte7Mjfn7QyfzGZ8=',NULL,0,'2019230711@unfv.edu.pe','Jeferson','Uscuchagua','jefersonuscuchagua@gmail.com',0,1,'2024-01-08 19:55:53.053936','2019230711','42341201','988424305',NULL,18,49,2),(16,'pbkdf2_sha256$600000$7F6m5fUDYYsEgkZdILYY1C$dwXYcpp9qJBUtg0Gh6CscesMwOiUh2lQm2IOfAjMMUE=',NULL,0,'2019230712@unfv.edu.pe','Luis','García','luisgarcia@gmail.com',0,1,'2024-01-08 20:05:50.039435','2019230712','56789012','977123456',NULL,18,49,2),(17,'pbkdf2_sha256$600000$9rtvzxFeFx5KNmKGAWRFzI$7UFrNeT8EFUz52aF1G2jh88zt2TnCSgP150oO8PUuok=',NULL,0,'2019230713@unfv.edu.pe','Carolina','Rodríguez','carolinarodriguez@gmail.com',0,1,'2024-01-08 20:06:10.461965','2019230713','78901234','955987654',NULL,18,49,2),(18,'pbkdf2_sha256$600000$WviyDzi1taUoZPMkJ4tl0y$0V/cMO8hwxXdLQdt1kIS06E872mYMJDWSwwlTaiuHok=',NULL,0,'2019230714@unfv.edu.pe','Hugo','Sánchez','hugosanchez@gmail.com',0,1,'2024-01-08 20:06:18.972509','2019230714','12345678','966111222',NULL,18,49,2),(19,'pbkdf2_sha256$600000$J7PMvYKIyQWSkdmjnohLGc$3Zx9LUpSKR115EVN2k61527sfhhGTllXVrxjK1UIWSA=',NULL,0,'2019230715@unfv.edu.pe','Mónica','Torres','monicatorres@gmail.com',0,1,'2024-01-08 20:06:27.537561','2019230715','87654321','944333555',NULL,18,49,2),(20,'pbkdf2_sha256$600000$avS6kr1lNl8TQcaUPda0dk$2nF6mfYSUOwfndBurkROnnBRlW1mqGgVAk4v0RnJZUI=',NULL,0,'2019230716@unfv.edu.pe','Ana','Martínez','anamartinez@gmail.com',0,1,'2024-01-08 20:18:02.991196','2019230716','13579246','966789012',NULL,1,1,2),(21,'pbkdf2_sha256$600000$0xGL4mE53IcmlNkjblpqXf$SYNw5k8W3vcQhmwqs4TlrWY7MWjr/sGFkJowP335Q/A=',NULL,0,'2019230717@unfv.edu.pe','Carlos','Gómez','carlosgomez@gmail.com',0,1,'2024-01-08 20:18:32.100717','2019230717','24681357','977654321',NULL,1,1,2),(22,'pbkdf2_sha256$600000$89QAZOf4y6JM3MqEvjmAio$mcjbraCIstMroqu6NPL/ZfeoR6a4K7kRwY8YNsB5w74=',NULL,0,'2019230718@unfv.edu.pe','Laura','Hernández','laurahernandez@gmail.com',0,1,'2024-01-08 20:18:45.502067','2019230718','35792468','955444333',NULL,1,1,2),(23,'pbkdf2_sha256$600000$H7ngRFAHCyUFwDYaPFF8a2$9UH/W7oCzNaU3zeTt1DCWQf1esFA54vWxJnJCWdHMvI=',NULL,0,'2019230719@unfv.edu.pe','Juan','Ramírez','juanramirez@gmail.com',0,1,'2024-01-08 20:18:56.464684','2019230719','46813579','944222111',NULL,1,1,2),(24,'pbkdf2_sha256$600000$sx7ClKhkBibijjTIJYgFkQ$4wqsJ/XBSq8+F5aBvDyzyK1wdHGvGCsSB2Kkkmj2o0o=',NULL,0,'2019230720@unfv.edu.pe','María','López','marialopez@gmail.com',0,1,'2024-01-08 20:19:05.898441','2019230720','57924681','977333444',NULL,1,1,2),(25,'pbkdf2_sha256$600000$PWHjFE08K0KQysLIeis3zY$gCWzpsT1eZZMo3P747Kjayx3kgOY4Moh9DqIl0ZlTrw=',NULL,0,'2019230721@unfv.edu.pe','Pedro','Martínez','pedromartinez@gmail.com',0,1,'2024-01-08 20:19:17.037348','2019230721','68135792','966111000',NULL,1,1,2),(26,'pbkdf2_sha256$600000$uYCVAjxauoT28yD7iMocnf$L8LGSxe9QxfGOLOkeeHXtR7uCJ0/ZFkCF0MUHUOHtF0=',NULL,0,'2019230722@unfv.edu.pe','Isabel','Gutiérrez','isabelgutierrez@gmail.com',0,1,'2024-01-08 20:19:26.171757','2019230722','79246813','977555666',NULL,1,1,2),(27,'pbkdf2_sha256$600000$bSI7L8RVLhviJBVp93jnsw$3TBd0HDXmgIMLIveA14izFZHNFK5nrXakio2PDrGLd0=',NULL,0,'2019230723@unfv.edu.pe','Roberto','Soto','robertosoto@gmail.com',0,1,'2024-01-08 20:19:34.304545','2019230723','13579246','966987654',NULL,1,1,2),(28,'pbkdf2_sha256$600000$0eQgUDGif1fDNayIh1saE4$Z+d+MYFUbbNXumD80QEPTzjA0IwYQOOpapNMx/LMuJc=',NULL,0,'2019230724@unfv.edu.pe','Elena','Ramírez','elenaramirez@gmail.com',0,1,'2024-01-08 20:19:44.726583','2019230724','24681357','977654321',NULL,1,1,2),(29,'pbkdf2_sha256$600000$DqxQHsXbn87y3fXhtdcmmU$oI4U1i9JmQhArUNDPDTZAiHOPKlprR+0Ag8POSatBEU=',NULL,0,'2019230725@unfv.edu.pe','Ricardo','Hernández','ricardohernandez@gmail.com',0,1,'2024-01-08 20:20:00.571797','2019230725','35792468','955444333',NULL,1,1,2),(30,'pbkdf2_sha256$600000$0nZ55M3Shui21YIRGevVjw$h05Q4zvaDKrhTTyU0oAM7GLvGDElaKvFK6wl4u/H/0w=',NULL,0,'2019230726@unfv.edu.pe','Sofía','Gómez','sofiagomez@gmail.com',0,1,'2024-01-08 20:23:32.547904','2019230726','12345678','966111222',NULL,2,5,2),(31,'pbkdf2_sha256$600000$NXMSoFJAvdcE4Xvzais095$h3OX4t9xv9AHx08zvjaaVS43y21Fgd8RflPtCVpADMY=',NULL,0,'2019230727@unfv.edu.pe','Martín','López','martinlopez@gmail.com',0,1,'2024-01-08 20:23:59.567515','2019230727','87654321','944333555',NULL,2,5,2),(32,'pbkdf2_sha256$600000$3mGMmgRNdsHcvAYlxxAJoZ$lZGJItysMOlmTPcdd8Gz/oNhLFuj9MIUyI+ZQksqh/0=',NULL,0,'2019230728@unfv.edu.pe','Lucía','Hernández','luciahernandez@gmail.com',0,1,'2024-01-08 20:24:05.367176','2019230728','98765432','955666777',NULL,2,5,2),(33,'pbkdf2_sha256$600000$5SlPHzmUkWvCEK98Z1AEdM$oQF05hGGWNdiWmgty9gfN2ziXLis61ZQMjlkXG/RGzw=',NULL,0,'2019230729@unfv.edu.pe','Diego','Ramírez','diegoramirez@gmail.com',0,1,'2024-01-08 20:24:11.126778','2019230729','54321678','977888999',NULL,2,5,2),(34,'pbkdf2_sha256$600000$3m9QGB3SK2jeyf1c05GYvn$pkon+/I+tbpZXQcbhnmNUFEg2dnfTITt+5ChWIQ1RPY=',NULL,0,'2019230730@unfv.edu.pe','Valentina','Martínez','valentinamartinez@gmail.com',0,1,'2024-01-08 20:24:16.177539','2019230730','87654321','977333444',NULL,2,5,2),(35,'pbkdf2_sha256$600000$ZTKAFsfjJChCl16BGamhkp$Bt7OCwhn6c8nFYqXIR6EvO8vjUfDSqVDPm8QrBX6zuw=',NULL,0,'2019230731@unfv.edu.pe','Mateo','Sánchez','mateosanchez@gmail.com',0,1,'2024-01-08 20:24:23.012512','2019230731','13579246','966987654',NULL,2,5,2),(36,'pbkdf2_sha256$600000$x3nIutB4qzfHvbesoyuQBO$587PcB2Hxs3q6Zm8ek4jmiXEufAQXHv/i+vMJ7Nt26k=',NULL,0,'2019230732@unfv.edu.pe','Camila','Rodríguez','camilarodriguez@gmail.com',0,1,'2024-01-08 20:24:29.018261','2019230732','24681357','977654321',NULL,2,5,2),(37,'pbkdf2_sha256$600000$7JKrkQP7Y7j3c2KTHyYYYp$i/7pjSDgM2thpYqegRVKtcVz2guRzjx+e1STycG6+zs=',NULL,0,'2019230733@unfv.edu.pe','Daniel','Gutiérrez','danielgutierrez@gmail.com',0,1,'2024-01-08 20:24:34.488847','2019230733','68135792','966111000',NULL,2,5,2),(38,'pbkdf2_sha256$600000$XwFW3rTHZAq5dPrsZNvIuV$wjfdoEjdU/RELva9LbVmHKDK3QExAHaL1wdkDilrJyc=',NULL,0,'2019230734@unfv.edu.pe','Valeria','Ramírez','valeriaramirez@gmail.com',0,1,'2024-01-08 20:24:40.144240','2019230734','13579246','966987654',NULL,2,5,2),(39,'pbkdf2_sha256$600000$FBxHxRFqADI0WuKhuGKJK0$xURLSy+o9+cRtlgJlGJkBf818iDLRFC9LqhVYSsEcaU=',NULL,0,'2019230735@unfv.edu.pe','Gabriel','Hernández','gabrielhernandez@gmail.com',0,1,'2024-01-08 20:24:46.438434','2019230735','35792468','955444333',NULL,2,5,2),(40,'pbkdf2_sha256$600000$JeceirQAAtB4KJ8COXICfR$H4EJseBd9vcsWey0KXGDI6EMC5mNe9h5qfCVFH3xD/Y=',NULL,0,'2019230736@unfv.edu.pe','Fernanda','Gómez','fernandagomez@gmail.com',0,1,'2024-01-08 20:28:39.884277','2019230736','12345678','966111222',NULL,3,6,2),(41,'pbkdf2_sha256$600000$fTSOJj9WqSxquG3nhVNS0t$nkvQ2EWuILIxD2NC31chJPFy/CUvQsFspMQq7ADeLuI=',NULL,0,'2019230737@unfv.edu.pe','Alejandro','López','alejandrolopez@gmail.com',0,1,'2024-01-08 20:28:45.835444','2019230737','87654321','944333555',NULL,3,6,2),(42,'pbkdf2_sha256$600000$KtFZDaIOzSYuJFcUKagaTK$ssU3lr1RCKzG1/SVZQ0GzXOnwLutH/JoXFezypswZX0=',NULL,0,'2019230738@unfv.edu.pe','Renata','Hernández','renatahernandez@gmail.com',0,1,'2024-01-08 20:28:51.149987','2019230738','98765432','955666777',NULL,3,6,2),(43,'pbkdf2_sha256$600000$1gwmB3wAE16WWeo6qjGMYd$D3wQdHuqDbE3L0A+dg6eUSmJ4Mpha83TvGpoqQMgqmc=',NULL,0,'2019230739@unfv.edu.pe','Martina','Ramírez','martinaramirez@gmail.com',0,1,'2024-01-08 20:28:57.215730','2019230739','54321678','977888999',NULL,3,6,2),(44,'pbkdf2_sha256$600000$r4GmvfnEwOkFHB7b1SLkuf$l8zIfjQI+HG45ovMD4EzO/OnrAw/Du4EKGjIRA5stgo=',NULL,0,'2019230740@unfv.edu.pe','Isaac','Martínez','isaacmartinez@gmail.com',0,1,'2024-01-08 20:29:02.613206','2019230740','87654321','977333444',NULL,3,6,2),(45,'pbkdf2_sha256$600000$pBXy6cI0hLd7zYk8C3VhMh$Ja8C7yz3GKpaaEq1PvbaeHBiCqUyavXsV6FbOrsYxME=',NULL,0,'2019230741@unfv.edu.pe','Catalina','Sánchez','catalinasanchez@gmail.com',0,1,'2024-01-08 20:29:09.126190','2019230741','13579246','966987654',NULL,3,6,2),(46,'pbkdf2_sha256$600000$8ddiTzKxmMO0Lm7b1RjgxF$wWlE2o3U3943+rXg6QXyEmA44lyG8MaNInzhL98bZkQ=',NULL,0,'2019230742@unfv.edu.pe','Lucas','Rodríguez','lucasrodriguez@gmail.com',0,1,'2024-01-08 20:29:15.110797','2019230742','24681357','977654321',NULL,3,6,2),(47,'pbkdf2_sha256$600000$jUFfEGwQuKNS3qYW5SoUb2$P5PNorGWe6+YOY0rOPvzBgFnbCAoTJApEZ7pDj81Aeo=',NULL,0,'2019230743@unfv.edu.pe','Valentín','Gutiérrez','valentingutierrez@gmail.com',0,1,'2024-01-08 20:29:50.791368','2019230743','68135792','966111000',NULL,3,6,2),(48,'pbkdf2_sha256$600000$wCDkObBfLbEGSMnbPwCDQS$RGNJf7MZoTN4RmuU6H+xNbg78RrMZUA3YF7tWwCnk44=',NULL,0,'2019230744@unfv.edu.pe','Victoria','Ramírez','victoriaramirez@gmail.com',0,1,'2024-01-08 20:29:56.991026','2019230744','13579246','966987654',NULL,3,6,2),(49,'pbkdf2_sha256$600000$NTPzniIerXLiR9UiSAOWvT$ynf5OEPDhlhYywolpaEDOFO/6t/3a+pV+nKWTa7huQ0=',NULL,0,'2019230745@unfv.edu.pe','Maximiliano','Hernández','maximilianohernandez@gmail.com',0,1,'2024-01-08 20:30:02.865029','2019230745','35792468','955444333',NULL,3,6,2),(50,'pbkdf2_sha256$600000$YA5ChufJU5TyQZW9L3S4dW$k0dhV4KRyt2VgYedSork9IgnXG0+IN3bqJtwzOa9Z7U=',NULL,0,'2019230746@unfv.edu.pe','Isabella','Gómez','isabellagomez@gmail.com',0,1,'2024-01-08 20:32:56.808319','2019230746','12345678','966111222',NULL,4,11,2),(51,'pbkdf2_sha256$600000$Qd5b2lnIPBfvaz2801dN0w$9qdfrnvhBIuT8OxJMe/yTKBtMSv+k0gxb7Zcu9jfWro=',NULL,0,'2019230748@unfv.edu.pe','Eduardo','Hernández','eduardohernandez@gmail.com',0,1,'2024-01-08 20:34:40.264108','2019230748','98765432','955666777',NULL,4,11,2),(52,'pbkdf2_sha256$600000$pduwOJ4Cg3Jfdock8G4ZEt$mJC04dNnUJSdra3OtdNG2V2PdRsi+hLUnmEek9dsT+E=',NULL,0,'2019230749@unfv.edu.pe','Valentino','Ramírez','valentinoramirez@gmail.com',0,1,'2024-01-08 20:34:46.427262','2019230749','54321678','977888999',NULL,4,11,2),(53,'pbkdf2_sha256$600000$DVVmXxf62woMukZPUnmtJx$W/2VAWbV67f/kpJ8Wfj3U5pylCeO8ZefWWfYO6YyrWA=',NULL,0,'2019230750@unfv.edu.pe','Victoria','Martínez','victoriamartinez@gmail.com',0,1,'2024-01-08 20:34:52.738053','2019230750','87654321','977333444',NULL,4,11,2),(54,'pbkdf2_sha256$600000$IGItDKWm5RrMJ1wOob2sQr$kKYcGA3YveBLg7E5ZSGCPKq9ssSvgIcifDpLlv5jNQw=',NULL,0,'2019230751@unfv.edu.pe','Gabriela','Gómez','gabrielagomez@gmail.com',0,1,'2024-01-08 20:37:09.517570','2019230751','12345678','966111222',NULL,5,15,2),(55,'pbkdf2_sha256$600000$8GgXsV1VgGA9UbvQprAvBW$6CLNkHYB8j+73zvM+RvbS8dmPX1J76zJC24VdSd5dr4=',NULL,0,'2019230752@unfv.edu.pe','Matías','López','matiaslopez@gmail.com',0,1,'2024-01-08 20:37:26.130245','2019230752','87654321','944333555',NULL,5,15,2),(56,'pbkdf2_sha256$600000$7eUuk8Af6ZAkqJ9288gCrr$306sca9L0rHnZr9FMSTfFwueETAKX3w36tFuacpvUYE=',NULL,0,'2019230753@unfv.edu.pe','Santiago','Hernández','santiagohernandez@gmail.com',0,1,'2024-01-08 20:37:30.638212','2019230753','98765432','955666777',NULL,5,15,2),(57,'pbkdf2_sha256$600000$8dC0EnsYTs8dRnuC9816p2$7DUebcoFMsr32EFLnFd86yZltsyV/5GHFJrPgI+pwGs=',NULL,0,'2019230754@unfv.edu.pe','Daniela','Gómez','danielagomez@gmail.com',0,1,'2024-01-08 20:38:20.569028','2019230754','12345678','966111222',NULL,6,12,2),(58,'pbkdf2_sha256$600000$oNO2uKLD1k9mkaW0eDlPrc$aDi8uCxE07sTxLxIzEHHVll9LhhIwpE0WuEJsNZ7gZk=',NULL,0,'2019230755@unfv.edu.pe','Felipe','López','felipelopez@gmail.com',0,1,'2024-01-08 20:38:25.514155','2019230755','87654321','944333555',NULL,6,12,2),(59,'pbkdf2_sha256$600000$kqFCY3kmOZransscXXgqV9$v+ao9QoM01UzAVN0j4GSFF1RmlGXWHMXgIbtAOnQy94=',NULL,0,'2019230756@unfv.edu.pe','Camilo','Hernández','camilohernandez@gmail.com',0,1,'2024-01-08 20:38:32.882522','2019230756','98765432','955666777',NULL,6,12,2),(60,'pbkdf2_sha256$600000$zGgW79XGG0FPtZNz6QVCZF$bmBbwJF5Pc+bjYw3YYtw/6jNo2//JJbMGnQSQcG6OIM=',NULL,0,'2019230757@unfv.edu.pe','Valentina','Gómez','valentinagomez@gmail.com',0,1,'2024-01-08 20:39:23.433306','2019230757','12345678','966111222',NULL,7,23,2),(61,'pbkdf2_sha256$600000$MN60mlQnPFa7eYGtJi9OOU$iMocvXk5jd1HFlbUPYI7etP8p6zHDGMkiYB58ruDVtQ=',NULL,0,'2019230758@unfv.edu.pe','Sebastián','López','sebastianlopez@gmail.com',0,1,'2024-01-08 20:39:28.457186','2019230758','87654321','944333555',NULL,7,23,2),(62,'pbkdf2_sha256$600000$EeFexLboRTUkMyDP0RYneh$lL50c/4GHHFu58uyqVhzMteYWFxnm7MXY2DgYlpcLZI=',NULL,0,'2019230759@unfv.edu.pe','Ismael','Hernández','ismaelhernandez@gmail.com',0,1,'2024-01-08 20:39:33.948917','2019230759','98765432','955666777',NULL,7,23,2),(63,'pbkdf2_sha256$600000$HvNeQzlSyl43Y4U9pd9u0B$CNWfCYfpgYYNol8qObXL58vKft8pIa5YNcIFgWrkiI4=',NULL,0,'2019230760@unfv.edu.pe','Renata','Gómez','renatagomez@gmail.com',0,1,'2024-01-08 20:40:35.048371','2019230760','12345678','966111222',NULL,8,19,2),(64,'pbkdf2_sha256$600000$s05E2RT9d49d8ohwLxKBft$GE51VEnOkrBhEiczM0fPhckHfkuuo+qNr/EzPN1pzxk=',NULL,0,'2019230761@unfv.edu.pe','Gabriel','López','gabriellopez@gmail.com',0,1,'2024-01-08 20:40:40.891167','2019230761','87654321','944333555',NULL,8,19,2),(65,'pbkdf2_sha256$600000$WEiFulTqqTyWqJDuNk4AlJ$3CzGUL4L59kvX+RlosVsepwKoK5PGpOtrFk1Yn7Kk6s=',NULL,0,'2019230762@unfv.edu.pe','Mariano','Hernández','marianohernandez@gmail.com',0,1,'2024-01-08 20:40:46.363836','2019230762','98765432','955666777',NULL,8,19,2),(66,'pbkdf2_sha256$600000$veFNQSn2bTt2iIjwTbSIho$ZnwQgj5qbxnJETXhtEyzElvCRwP+/D9lIsP+pmIWIco=',NULL,0,'2019230763@unfv.edu.pe','Valeria','Gómez','valeriagomez@gmail.com',0,1,'2024-01-08 20:41:27.794237','2019230763','12345678','966111222',NULL,10,28,2),(67,'pbkdf2_sha256$600000$JQaXMxQ6NnhgU4gyNEJu2Q$rL2Q5SOfJ9J/29NrfPfTXB40JNgtDsdsULNKM2oVAvg=',NULL,0,'2019230764@unfv.edu.pe','Mateo','López','mateolopez@gmail.com',0,1,'2024-01-08 20:41:34.138127','2019230764','87654321','944333555',NULL,10,28,2),(68,'pbkdf2_sha256$600000$BaFVbw39L4T8xTtLLaKE2b$eusaQTomxQboqRjw9+FVFD6+h3v5hIzut8KcL6ygWmA=',NULL,0,'2019230766@unfv.edu.pe','Isabella','Hernández','isabellahernandez@gmail.com',0,1,'2024-01-08 20:41:57.895772','2019230766','98765432','955666777',NULL,10,28,2),(69,'pbkdf2_sha256$600000$J7en4njp9eGhdlNkHghZqo$9I+fWI166P6M0YgeqX+LBcy0AMN4Vd6izRQPeAEsJk8=',NULL,0,'2019230767@unfv.edu.pe','Valentina','López','valentinalopez@gmail.com',0,1,'2024-01-08 20:43:24.766847','2019230767','87654321','944333555',NULL,11,33,2),(70,'pbkdf2_sha256$600000$xtx3amfEfqpLVX0f5Puk6g$bCrSuQD0ST0cXhiurBdLXYtWu+VXxZbsi7UDa1N2Zh4=',NULL,0,'2019230768@unfv.edu.pe','Santiago','Hernández','santiagohernandez@gmail.com',0,1,'2024-01-08 20:43:30.532579','2019230768','98765432','955666777',NULL,11,33,2),(71,'pbkdf2_sha256$600000$hlb6ogUXdq2Hmucuz3bvoY$FoQMLpn5Ufu4SpFYuWhhno16uBHfpDjpQ7Ply3S/f24=',NULL,0,'2019230769@unfv.edu.pe','Camila','Gómez','camilagomez@gmail.com',0,1,'2024-01-08 20:43:46.295855','2019230769','12345678','966111222',NULL,11,33,2),(72,'pbkdf2_sha256$600000$zTEMf3YtbHJRaR8a4itDvv$cEc5+pqZkIa/8vIwNtrtvwgl7GAkxPzitlxBInTGytY=',NULL,0,'2019230770@unfv.edu.pe','Matías','Gómez','matiasgomez@gmail.com',0,1,'2024-01-08 20:45:56.430128','2019230770','12345678','966111222',NULL,12,31,2),(73,'pbkdf2_sha256$600000$qXQSQ9lPtE0sEPcFxhwAVC$Yp+29ublBleX/f3OlvXoobO+qVWzKIDJTFxSm10vmVE=',NULL,0,'2019230771@unfv.edu.pe','Isabella','López','isabellalopez@gmail.com',0,1,'2024-01-08 20:46:01.976194','2019230771','87654321','944333555',NULL,12,31,2),(74,'pbkdf2_sha256$600000$MnQ3no6qtFG0NoVk5ecWJr$drTI6Qt5VZEs5nvzvIFz7B0O99f0NcUEY8O3il4Zimk=',NULL,0,'2019230772@unfv.edu.pe','Santiago','Hernández','santiagohernandez@gmail.com',0,1,'2024-01-08 20:46:07.546463','2019230772','98765432','955666777',NULL,12,31,2),(75,'pbkdf2_sha256$600000$8xO4f5igOiLmfGPDB0imaO$yIdHRcj3Oy+HDG/iZ/AKNSZWWDAyyjyJyA10o1pEFTk=',NULL,0,'2019230773@unfv.edu.pe','Valeria','Gómez','valeriagomez@gmail.com',0,1,'2024-01-08 20:46:41.654210','2019230773','12345678','966111222',NULL,13,36,2),(76,'pbkdf2_sha256$600000$aNSQCjLEcoy3RokpNtq62T$7jngE6kxetZX60udHpjHibxntiSKfSeB2307wNubuaE=',NULL,0,'2019230774@unfv.edu.pe','Gabriel','López','gabriellopez@gmail.com',0,1,'2024-01-08 20:46:46.896481','2019230774','87654321','944333555',NULL,13,36,2),(77,'pbkdf2_sha256$600000$7NH8CMCo4M9malr5U7lHdF$cBDC34iJYTovrK69mFjpDPbP7SxbxXKu1H6ANOw2+GU=',NULL,0,'2019230775@unfv.edu.pe','Ismael','Hernández','ismaelhernandez@gmail.com',0,1,'2024-01-08 20:46:53.051306','2019230775','98765432','955666777',NULL,13,36,2),(78,'pbkdf2_sha256$600000$9axS1pIloAwTQHhYwPwl4d$unZhTkBDIhznzsSavcrBv7qKc+SQhx8QV/0nycj1tMs=',NULL,0,'2019230776@unfv.edu.pe','Valentina','Gómez','valentinagomez@gmail.com',0,1,'2024-01-08 20:47:48.210105','2019230776','12345678','966111222',NULL,14,50,2),(79,'pbkdf2_sha256$600000$xlRrUvVXFA118oPRqdK0Xd$68Px+n/fUUGyhbtp5tJc39l0zmdesr1xrq39JWPxG1g=',NULL,0,'2019230777@unfv.edu.pe','Gabriel','López','gabriellopez@gmail.com',0,1,'2024-01-08 20:47:55.297423','2019230777','87654321','944333555',NULL,14,50,2),(80,'pbkdf2_sha256$600000$rH7V5LEAsGzgGV1E5aC3ce$G4D4bjcAlKJYdg00AGzHdlhGYbE0b6br4CbCcb1Njew=',NULL,0,'2019230778@unfv.edu.pe','Isabella','Hernández','isabellahernandez@gmail.com',0,1,'2024-01-08 20:48:00.407754','2019230778','98765432','955666777',NULL,14,50,2),(81,'pbkdf2_sha256$600000$e4SSsbgvvqNoKhhp1b7les$Q2sFDabmUgd8SZf8sDM7mrjFFrMC4ESks+eYcwMv/wg=',NULL,0,'2019230779@unfv.edu.pe','Valeria','Gómez','valeriagomez@gmail.com',0,1,'2024-01-08 20:48:52.251934','2019230779','12345678','966111222',NULL,15,39,2),(82,'pbkdf2_sha256$600000$adYXYFDwcw59lPQLJTNlHX$3dXAymT2/2Z4dOT0WFgpulQrnAHd820uSKtP1dz75ZM=',NULL,0,'2019230780@unfv.edu.pe','Gabriel','López','gabriellopez@gmail.com',0,1,'2024-01-08 20:48:58.181742','2019230780','87654321','944333555',NULL,15,39,2),(83,'pbkdf2_sha256$600000$4mbchu8iF1pOXSVcbtzs7H$nCqCnHN+UIxnh13m1GlL9WeEPubzgmT1WURA/KKCrr4=',NULL,0,'2019230781@unfv.edu.pe','Isabella','Hernández','isabellahernandez@gmail.com',0,1,'2024-01-08 20:49:02.786879','2019230781','98765432','955666777',NULL,15,39,2),(84,'pbkdf2_sha256$600000$PJidQzH9eeyQqZAHMeAAo8$/Tu0k3j++QZ4MlsWosXPT30oxXSTrepPzstip6FZAt0=',NULL,0,'2019230782@unfv.edu.pe','Valentina','Gómez','valeriagomez@gmail.com',0,1,'2024-01-08 20:49:57.286008','2019230782','12345678','966111222',NULL,16,43,2),(85,'pbkdf2_sha256$600000$FWHiNURsEbwnlqwAkH9XJT$OHH+w3p9vH7UOW/8zQxBbaNZF7L2O4BODCSq7zW1wVU=',NULL,0,'2019230783@unfv.edu.pe','Gabriel','López','gabriellopez@gmail.com',0,1,'2024-01-08 20:50:03.650647','2019230783','87654321','944333555',NULL,16,43,2),(86,'pbkdf2_sha256$600000$MvBaNSuhTqooR1h5rFySeR$SnVldAJDR4hD0hlB+BbT8FJkA3EjucffFjTc1YmpqRI=',NULL,0,'2019230784@unfv.edu.pe','Isabella','Hernández','isabellahernandez@gmail.com',0,1,'2024-01-08 20:50:09.944999','2019230784','98765432','955666777',NULL,16,43,2),(87,'pbkdf2_sha256$600000$tIiaLN7MeqJBtlw3htKvcA$Up3y41mm40AeuHcPXW8jQYfOPR/wzeXamVhwyzeOpDI=',NULL,0,'2019230785@unfv.edu.pe','Valeria','Gómez','valeriagomez@gmail.com',0,1,'2024-01-08 21:26:23.922281','2019230785','12345678','966111222',NULL,17,55,2),(88,'pbkdf2_sha256$600000$t1Em2ElsMr2Q144rvgnSVB$5NAEkcrGSXY5X0WdRD4B9ci+CnO6bfymIqL5BJlsscY=',NULL,0,'2019230786@unfv.edu.pe','Gabriel','López','gabriellopez@gmail.com',0,1,'2024-01-08 21:26:33.426955','2019230786','87654321','944333555',NULL,17,55,2),(89,'pbkdf2_sha256$600000$hpfSeiNVs4oZ9xztxTXWLX$sWgUjzkjA4RoGwdem4nJvl+a1/IJJDELsg+TQhDSXfo=',NULL,0,'2019230787@unfv.edu.pe','Isabella','Hernández','isabellahernandez@gmail.com',0,1,'2024-01-08 21:26:38.311417','2019230787','98765432','955666777',NULL,17,55,2),(90,'pbkdf2_sha256$600000$6ebel1jugjTTNZcj3bLi8M$pxXYBYXfJtbxW5SkvfR4H4RFJBu0e6fWZR5CgKfjcnM=',NULL,0,'2019230789@unfv.edu.pe','Javier','Rodriguez','javier.rodriguez@gmail.com',0,1,'2024-01-18 23:27:01.000000','2019230789','74723822','965875321','https://firebasestorage.googleapis.com/v0/b/react-firebase-images-c0c54.appspot.com/o/usuarios%2Fperfil-foto%2F2019230789?alt=media&token=1b9df1a5-6c97-4a6f-9f0e-bf962ba2a9a2',1,1,2),(91,'pbkdf2_sha256$600000$A08BAyHlVzU2Yn82je6yRw$gsq24M53H189U0EXn0i0VN/PNGSXv/0OPhDP8QkvJ5s=',NULL,0,'2019230788@unfv.edu.pe','Fabricio','Ciocca','fabricio.ciocca@gmail.com',0,1,'2024-01-18 23:33:01.000000','2019230788','60203689','960244621','https://firebasestorage.googleapis.com/v0/b/react-firebase-images-c0c54.appspot.com/o/usuarios%2Fperfil-foto%2F2019230788?alt=media&token=9260a2dc-881a-4d9e-88be-8776fcbdb02c',15,39,2),(92,'pbkdf2_sha256$600000$yAK7uww3kQ5gt1NLHL3hbk$XZEf9A3wNpyY6qdsW0oXszF8w38WzA2YgRKRNQ4FriU=',NULL,0,'2019230790@unfv.edu.pe','Bryan','Guerrero','2019230790@unfv.edu.pe',0,1,'2024-01-19 18:37:55.000000','2019230790','77412822','965875321','',15,39,3);
/*!40000 ALTER TABLE `usuarios` ENABLE KEYS */;
UNLOCK TABLES;

--
-- Table structure for table `usuarios_groups`
--

DROP TABLE IF EXISTS `usuarios_groups`;
/*!40101 SET @saved_cs_client     = @@character_set_client */;
/*!50503 SET character_set_client = utf8mb4 */;
CREATE TABLE `usuarios_groups` (
  `id` bigint NOT NULL AUTO_INCREMENT,
  `user_id` bigint NOT NULL,
  `group_id` int NOT NULL,
  PRIMARY KEY (`id`),
  UNIQUE KEY `usuarios_groups_user_id_group_id_7afcf963_uniq` (`user_id`,`group_id`),
  KEY `usuarios_groups_group_id_18c61092_fk_auth_group_id` (`group_id`),
  CONSTRAINT `usuarios_groups_group_id_18c61092_fk_auth_group_id` FOREIGN KEY (`group_id`) REFERENCES `auth_group` (`id`),
  CONSTRAINT `usuarios_groups_user_id_2e7c7c45_fk_usuarios_id` FOREIGN KEY (`user_id`) REFERENCES `usuarios` (`id`)
) ENGINE=InnoDB DEFAULT CHARSET=utf8mb4 COLLATE=utf8mb4_0900_ai_ci;
/*!40101 SET character_set_client = @saved_cs_client */;

--
-- Dumping data for table `usuarios_groups`
--

LOCK TABLES `usuarios_groups` WRITE;
/*!40000 ALTER TABLE `usuarios_groups` DISABLE KEYS */;
/*!40000 ALTER TABLE `usuarios_groups` ENABLE KEYS */;
UNLOCK TABLES;

--
-- Table structure for table `usuarios_user_permissions`
--

DROP TABLE IF EXISTS `usuarios_user_permissions`;
/*!40101 SET @saved_cs_client     = @@character_set_client */;
/*!50503 SET character_set_client = utf8mb4 */;
CREATE TABLE `usuarios_user_permissions` (
  `id` bigint NOT NULL AUTO_INCREMENT,
  `user_id` bigint NOT NULL,
  `permission_id` int NOT NULL,
  PRIMARY KEY (`id`),
  UNIQUE KEY `usuarios_user_permissions_user_id_permission_id_4166b112_uniq` (`user_id`,`permission_id`),
  KEY `usuarios_user_permis_permission_id_af615ca1_fk_auth_perm` (`permission_id`),
  CONSTRAINT `usuarios_user_permis_permission_id_af615ca1_fk_auth_perm` FOREIGN KEY (`permission_id`) REFERENCES `auth_permission` (`id`),
  CONSTRAINT `usuarios_user_permissions_user_id_f5777c78_fk_usuarios_id` FOREIGN KEY (`user_id`) REFERENCES `usuarios` (`id`)
) ENGINE=InnoDB DEFAULT CHARSET=utf8mb4 COLLATE=utf8mb4_0900_ai_ci;
/*!40101 SET character_set_client = @saved_cs_client */;

--
-- Dumping data for table `usuarios_user_permissions`
--

LOCK TABLES `usuarios_user_permissions` WRITE;
/*!40000 ALTER TABLE `usuarios_user_permissions` DISABLE KEYS */;
/*!40000 ALTER TABLE `usuarios_user_permissions` ENABLE KEYS */;
UNLOCK TABLES;

--
-- Temporary view structure for view `vista_documentos`
--

DROP TABLE IF EXISTS `vista_documentos`;
/*!50001 DROP VIEW IF EXISTS `vista_documentos`*/;
SET @saved_cs_client     = @@character_set_client;
/*!50503 SET character_set_client = utf8mb4 */;
/*!50001 CREATE VIEW `vista_documentos` AS SELECT 
 1 AS `id`,
 1 AS `titulo`,
 1 AS `isbn`,
 1 AS `anio_publicacion`,
 1 AS `descripcion`,
 1 AS `cod_barras`,
 1 AS `imagen`,
 1 AS `tipo`,
 1 AS `idioma`,
 1 AS `nombre`,
 1 AS `apellidos`*/;
SET character_set_client = @saved_cs_client;

--
-- Temporary view structure for view `vista_facultades`
--

DROP TABLE IF EXISTS `vista_facultades`;
/*!50001 DROP VIEW IF EXISTS `vista_facultades`*/;
SET @saved_cs_client     = @@character_set_client;
/*!50503 SET character_set_client = utf8mb4 */;
/*!50001 CREATE VIEW `vista_facultades` AS SELECT 
 1 AS `id_de_bibliotecas`,
 1 AS `nombre_biblioteca`,
 1 AS `direccion`,
 1 AS `telefono`,
 1 AS `correo`,
 1 AS `nombre_facultad`,
 1 AS `nombre_escuela`,
 1 AS `id_de_facultades`,
 1 AS `id_de_escuelas`*/;
SET character_set_client = @saved_cs_client;

--
-- Temporary view structure for view `vista_prestamos`
--

DROP TABLE IF EXISTS `vista_prestamos`;
/*!50001 DROP VIEW IF EXISTS `vista_prestamos`*/;
SET @saved_cs_client     = @@character_set_client;
/*!50503 SET character_set_client = utf8mb4 */;
/*!50001 CREATE VIEW `vista_prestamos` AS SELECT 
 1 AS `id_prestamos`,
 1 AS `usuario_id`,
 1 AS `fecha_reserva`,
 1 AS `fecha_recojo`,
 1 AS `fecha_devolucion`,
 1 AS `fecha_devolucion_confirmada`,
 1 AS `estado_prestamo`,
 1 AS `biblioteca_id`,
 1 AS `documento_id`,
 1 AS `stock_actual`,
 1 AS `stock_registrado`*/;
SET character_set_client = @saved_cs_client;

--
-- Temporary view structure for view `vista_usuarios`
--

DROP TABLE IF EXISTS `vista_usuarios`;
/*!50001 DROP VIEW IF EXISTS `vista_usuarios`*/;
SET @saved_cs_client     = @@character_set_client;
/*!50503 SET character_set_client = utf8mb4 */;
/*!50001 CREATE VIEW `vista_usuarios` AS SELECT 
 1 AS `id_usuario`,
 1 AS `username`,
 1 AS `nombre_completo`,
 1 AS `codigo_insti`,
 1 AS `dni`,
 1 AS `celular`,
 1 AS `tipo`*/;
SET character_set_client = @saved_cs_client;

--
-- Final view structure for view `vista_documentos`
--

/*!50001 DROP VIEW IF EXISTS `vista_documentos`*/;
/*!50001 SET @saved_cs_client          = @@character_set_client */;
/*!50001 SET @saved_cs_results         = @@character_set_results */;
/*!50001 SET @saved_col_connection     = @@collation_connection */;
/*!50001 SET character_set_client      = utf8mb4 */;
/*!50001 SET character_set_results     = utf8mb4 */;
/*!50001 SET collation_connection      = utf8mb4_0900_ai_ci */;
/*!50001 CREATE ALGORITHM=UNDEFINED */
/*!50013 DEFINER=`root`@`localhost` SQL SECURITY DEFINER */
/*!50001 VIEW `vista_documentos` AS select `d`.`id` AS `id`,`d`.`titulo` AS `titulo`,`d`.`isbn` AS `isbn`,`d`.`anio_publicacion` AS `anio_publicacion`,`d`.`descripcion` AS `descripcion`,`d`.`cod_barras` AS `cod_barras`,`d`.`imagen` AS `imagen`,`td`.`tipo` AS `tipo`,`i`.`idioma` AS `idioma`,`a`.`nombre` AS `nombre`,`a`.`apellidos` AS `apellidos` from ((((`documentos` `d` left join `tipos_documentos` `td` on((`d`.`tipo_id` = `td`.`id`))) left join `idiomas` `i` on((`d`.`idioma_id` = `i`.`id`))) left join `documentos_autor` `da` on((`d`.`id` = `da`.`documento_id`))) left join `autores` `a` on((`da`.`autor_id` = `a`.`id`))) */;
/*!50001 SET character_set_client      = @saved_cs_client */;
/*!50001 SET character_set_results     = @saved_cs_results */;
/*!50001 SET collation_connection      = @saved_col_connection */;

--
-- Final view structure for view `vista_facultades`
--

/*!50001 DROP VIEW IF EXISTS `vista_facultades`*/;
/*!50001 SET @saved_cs_client          = @@character_set_client */;
/*!50001 SET @saved_cs_results         = @@character_set_results */;
/*!50001 SET @saved_col_connection     = @@collation_connection */;
/*!50001 SET character_set_client      = utf8mb4 */;
/*!50001 SET character_set_results     = utf8mb4 */;
/*!50001 SET collation_connection      = utf8mb4_0900_ai_ci */;
/*!50001 CREATE ALGORITHM=UNDEFINED */
/*!50013 DEFINER=`root`@`localhost` SQL SECURITY DEFINER */
/*!50001 VIEW `vista_facultades` AS select `b`.`id` AS `id_de_bibliotecas`,`b`.`nombre` AS `nombre_biblioteca`,`b`.`direccion` AS `direccion`,`b`.`telefono` AS `telefono`,`b`.`correo` AS `correo`,`f`.`nombre` AS `nombre_facultad`,`e`.`nombre` AS `nombre_escuela`,`f`.`id` AS `id_de_facultades`,`e`.`id` AS `id_de_escuelas` from ((`facultades` `f` left join `escuelas` `e` on((`f`.`id` = `e`.`facultad_id`))) left join `bibliotecas` `b` on((`f`.`id` = `b`.`facultad_id`))) */;
/*!50001 SET character_set_client      = @saved_cs_client */;
/*!50001 SET character_set_results     = @saved_cs_results */;
/*!50001 SET collation_connection      = @saved_col_connection */;

--
-- Final view structure for view `vista_prestamos`
--

/*!50001 DROP VIEW IF EXISTS `vista_prestamos`*/;
/*!50001 SET @saved_cs_client          = @@character_set_client */;
/*!50001 SET @saved_cs_results         = @@character_set_results */;
/*!50001 SET @saved_col_connection     = @@collation_connection */;
/*!50001 SET character_set_client      = utf8mb4 */;
/*!50001 SET character_set_results     = utf8mb4 */;
/*!50001 SET collation_connection      = utf8mb4_0900_ai_ci */;
/*!50001 CREATE ALGORITHM=UNDEFINED */
/*!50013 DEFINER=`root`@`localhost` SQL SECURITY DEFINER */
/*!50001 VIEW `vista_prestamos` AS select `p`.`id` AS `id_prestamos`,`p`.`usuario_id` AS `usuario_id`,`p`.`fecha_reserva` AS `fecha_reserva`,`p`.`fecha_recojo` AS `fecha_recojo`,`p`.`fecha_devolucion` AS `fecha_devolucion`,`p`.`fecha_devolucion_confirmada` AS `fecha_devolucion_confirmada`,`p`.`estado_prestamo` AS `estado_prestamo`,`i`.`biblioteca_id` AS `biblioteca_id`,`i`.`documento_id` AS `documento_id`,`i`.`stock_actual` AS `stock_actual`,`i`.`stock_registrado` AS `stock_registrado` from ((`prestamos` `p` join `prestamos_inventario` `pi` on((`p`.`id` = `pi`.`prestamo_id`))) join `inventarios` `i` on((`pi`.`inventario_id` = `i`.`id`))) */;
/*!50001 SET character_set_client      = @saved_cs_client */;
/*!50001 SET character_set_results     = @saved_cs_results */;
/*!50001 SET collation_connection      = @saved_col_connection */;

--
-- Final view structure for view `vista_usuarios`
--

/*!50001 DROP VIEW IF EXISTS `vista_usuarios`*/;
/*!50001 SET @saved_cs_client          = @@character_set_client */;
/*!50001 SET @saved_cs_results         = @@character_set_results */;
/*!50001 SET @saved_col_connection     = @@collation_connection */;
/*!50001 SET character_set_client      = utf8mb4 */;
/*!50001 SET character_set_results     = utf8mb4 */;
/*!50001 SET collation_connection      = utf8mb4_0900_ai_ci */;
/*!50001 CREATE ALGORITHM=UNDEFINED */
/*!50013 DEFINER=`root`@`localhost` SQL SECURITY DEFINER */
/*!50001 VIEW `vista_usuarios` AS select `u`.`id` AS `id_usuario`,`u`.`username` AS `username`,concat(`u`.`first_name`,' ',`u`.`last_name`) AS `nombre_completo`,`u`.`codigo_insti` AS `codigo_insti`,`u`.`dni` AS `dni`,`u`.`celular` AS `celular`,`tu`.`tipo` AS `tipo` from (`usuarios` `u` left join `tipos_usuarios` `tu` on((`u`.`tipo_usuario_id` = `tu`.`id`))) */;
/*!50001 SET character_set_client      = @saved_cs_client */;
/*!50001 SET character_set_results     = @saved_cs_results */;
/*!50001 SET collation_connection      = @saved_col_connection */;
/*!40103 SET TIME_ZONE=@OLD_TIME_ZONE */;

/*!40101 SET SQL_MODE=@OLD_SQL_MODE */;
/*!40014 SET FOREIGN_KEY_CHECKS=@OLD_FOREIGN_KEY_CHECKS */;
/*!40014 SET UNIQUE_CHECKS=@OLD_UNIQUE_CHECKS */;
/*!40101 SET CHARACTER_SET_CLIENT=@OLD_CHARACTER_SET_CLIENT */;
/*!40101 SET CHARACTER_SET_RESULTS=@OLD_CHARACTER_SET_RESULTS */;
/*!40101 SET COLLATION_CONNECTION=@OLD_COLLATION_CONNECTION */;
/*!40111 SET SQL_NOTES=@OLD_SQL_NOTES */;

-- Dump completed on 2024-01-29 14:23:01
